gps_x (m),gps_y (m),gps_z (m),gps_vx (m/s),gps_vy (m/s),gps_vz (m/s)
6.378127982757284306e+06,7.962244191974197083e-01,-3.253434099744503705e+00,3.469287792896160599e-02,3.662240342994996234e-02,9.680332780039628549e-02
6.378135796886386350e+06,-3.752127969456821588e-01,-1.270241956273704176e+00,-6.228140290684311756e-03,-4.338068250128956915e-02,-1.641460060889099112e-02
6.378135544008444063e+06,1.021708931752140836e+00,2.665973887772655093e+00,-8.123781329573120935e-02,1.215879830408533036e-01,-1.332280597642584476e-02
6.378136762513430789e+06,-4.868345028640107541e-01,4.845943251743347613e-01,4.169152926424556788e-02,1.857992907398143267e-01,2.811987605855697028e-02
6.378130827773335390e+06,-9.417248654004486852e+00,2.257608844880338417e+00,-7.645060816912357948e-02,1.777946778114042892e-01,4.740533593752813135e-02
6.378130975296643563e+06,3.839558851997301403e+00,-7.371460326804274432e-02,2.320244939103842385e-02,1.303447205413501564e-01,6.773317565826447728e-02
6.378130766071316786e+06,-4.759248692843594419e+00,1.703618517173429492e+00,6.094986293860737286e-02,1.277837800095980580e-01,1.684243414939433012e-02
6.378141695629967377e+06,4.195102012930234991e+00,2.404238994816544350e-01,3.003209999396893801e-02,8.231287314607396710e-02,3.709054016509949047e-03
6.378132240233040415e+06,5.504737368380918205e+00,1.342624167959856329e+01,-6.467884516750076890e-03,1.627522021616125414e-01,3.618504450598811900e-02
6.378137914251418784e+06,2.108013773144569836e+00,-4.627014790985763959e+00,-5.062879317802086027e-02,2.129834998067398066e-02,-2.614729493325411783e-02
6.378130253448292613e+06,1.668935069131369575e+00,2.396679517250573266e+00,2.167169856686475705e-03,1.422751518911071211e-01,-9.657683787693641109e-02
6.378139745585564524e+06,4.897085701448562922e+00,1.254027165609642758e+01,-3.520110953932305969e-02,1.718965506408594579e-01,-4.361436087978089009e-03
6.378137223846293055e+06,3.587082600948464872e+00,-3.604104441374313128e-02,5.327752377273956008e-02,1.575013166581522572e-01,-3.537816469781859818e-02
6.378132472655004822e+06,1.411844204947017456e+00,9.107198982429192569e+00,-2.135144855094506591e-02,1.422216608861693599e-01,-5.238749429792112500e-02
6.378140287115380168e+06,1.520900339990786998e+00,5.722203989204417418e+00,4.744051060247878038e-02,9.144862837869084660e-02,-1.515475940269651704e-02
6.378137467456244864e+06,-4.497852066704055574e+00,2.187983610765166897e+00,8.019546382368146487e-03,1.166968076466145116e-01,-6.698030810251858445e-03
6.378132809085718356e+06,9.188948511454047008e+00,-3.052936224789106201e-01,5.821795142871702411e-02,1.347390289765977023e-01,-1.377155663036584536e-02
6.378132428583101369e+06,2.798172982725692925e-01,3.726179429229182105e+00,1.014317806101657470e-02,1.560184982147563848e-01,1.966808298540061520e-02
6.378141600934099406e+06,7.631661195429485289e+00,-9.576287828228933208e+00,3.589867502925041948e-02,1.266139186786300053e-01,9.584796966565124754e-02
6.378130825225884095e+06,-2.848840850385382595e+00,-1.367705491797506445e+00,-1.220460755167728645e-02,1.266218266406535231e-01,-5.231199282936528638e-02
6.378139098293385468e+06,1.202233814114663346e+00,-7.365135680319594425e-01,-5.864748756682745118e-02,1.250892771077654064e-01,4.212823844812401547e-02
6.378141423123626970e+06,-2.898595670993849183e+00,-4.847561512814749562e+00,3.990297510616777621e-02,1.203578099645735283e-01,-5.567345384031538447e-02
6.378135918753994629e+06,-1.111744488273385123e+00,-2.997382734217155953e+00,-1.383830387438019643e-02,1.565045045113168110e-01,-4.827228316039543915e-02
6.378136125905894674e+06,1.817639111691312648e-01,-1.367906472972560117e+01,-8.997050364917874576e-02,8.097005324802282467e-02,3.939304860036982325e-02
6.378132944577421062e+06,-1.013546146508674894e+01,-5.901110979493247477e+00,-3.496822457086371655e-02,5.901428288423946761e-02,-5.476499478964402118e-02
6.378137462801595218e+06,4.410238130846583005e+00,-3.468316377078825230e+00,8.002529463150437903e-04,9.338412043195500056e-02,-2.963858763835788487e-02
6.378132911987124942e+06,-4.374118482098555916e+00,-4.258984075772985989e+00,-6.035707165688351111e-02,1.339172551732760175e-01,-2.220805808904702597e-02
6.378129541384121403e+06,-4.114707964896578418e-01,-8.779160125440503393e+00,1.024259252351969289e-02,1.351433135439349398e-01,1.000672156190961747e-02
6.378139047882716171e+06,-6.287190527248516236e-01,-5.028123354376775822e+00,-1.719784583252234253e-02,1.173731151344853396e-01,6.247531816361760054e-03
6.378142108095388860e+06,-3.849247655596456319e+00,-4.131080223009848673e+00,-2.556397226201218009e-02,5.779567389790304932e-02,4.237030445254044708e-02
6.378142029483283870e+06,-1.135858285887851515e+01,3.225720410920579706e+00,1.565285550858155211e-02,9.106309197627475427e-02,-3.588032253177610154e-02
6.378136415136356838e+06,-3.431710283391862237e+00,-6.668894878044664409e+00,-4.374558631595979602e-02,1.257093720246480195e-01,-7.821140777325889804e-02
6.378134836923804134e+06,-3.540539874240295148e+00,-4.712640310981184438e-02,5.162945527229779313e-03,6.734895580901109624e-02,4.508366894649298157e-02
6.378145034968039021e+06,-1.074424962078568968e-01,5.393646935920497931e+00,-4.835244425123842726e-02,7.045221275284560547e-02,5.380710327893798404e-03
6.378142868808528408e+06,3.603445149809204384e+00,1.342982402367532657e+01,3.002364391842125835e-02,9.990904346693654792e-02,-4.186683226075958025e-02
6.378142686928135343e+06,2.656256824298579566e-01,5.106499451980916149e+00,7.116440957710422344e-02,1.523344468031969656e-01,-6.698514013973501380e-02
6.378122868608327582e+06,2.780586257770249592e+00,-3.352430522825197379e+00,3.846405203262373562e-02,1.217472169044356844e-01,7.526931597927567774e-02
6.378134912749640644e+06,-4.731554728374491425e+00,8.462138534229715958e+00,3.947336786937686963e-03,5.303648667150196588e-02,7.379291097088275242e-02
6.378139467531151138e+06,-1.445712597758696205e+00,3.518944748427365710e+00,3.533732133446760432e-02,1.020877582956802448e-01,-7.470647961791286595e-02
6.378134909695098177e+06,-2.077701924961119051e+00,6.739732115744093477e+00,4.944968805106872423e-02,5.147582173694541241e-02,-3.681291920870773809e-02
6.378134256251557730e+06,-6.458510103205457931e+00,-3.665657843200973431e+00,-6.289759403223924017e-02,-3.615374885247546466e-03,1.157664730286453274e-02
6.378143364884668961e+06,-3.619172181130139165e-01,9.178332818576688368e+00,-6.632196192756691089e-02,1.496680199497026909e-01,-1.838836643816159008e-02
6.378131577571235597e+06,-2.708741881982248412e+00,-6.602035386292079977e+00,-1.191716768060076953e-02,2.822187572650181053e-02,-3.362246674076986575e-02
6.378132229263863526e+06,5.257796166838402563e+00,3.845696903882590556e-01,5.966893218166611362e-02,1.002322382207021384e-01,-2.325452089190223684e-02
6.378143208315508440e+06,7.153121664232565458e+00,3.058285202350097709e+00,2.237579514474248576e-02,8.733178692018336853e-02,-6.459322812346028619e-02
6.378139610377138481e+06,-2.948399960534870967e+00,4.799015114359503009e+00,-1.524812980923531160e-02,5.900923209179601003e-02,-4.373997671306838891e-02
6.378135585497937165e+06,-2.375386841340269006e-01,3.420534797154795026e+00,-6.110062396495921470e-04,9.834263875762523643e-02,-6.387530588085101046e-02
6.378134797902212478e+06,-1.844674647509884080e+00,4.346366479013085815e+00,9.936236441375652373e-03,1.326315905441175225e-01,7.503330222250792492e-02
6.378140257926229388e+06,2.013337970626667417e+00,-1.654338571090256671e-01,-1.281934782472518922e-02,1.316889183577094613e-01,1.235196873391426579e-02
6.378142729982640594e+06,-2.431566990957153340e+00,6.392181309688890423e+00,-2.723160168226100575e-02,5.025384171076480166e-02,1.574839773230705953e-02
6.378137661428275518e+06,-6.042760945058763156e+00,-5.640851449260904538e+00,-5.665354810560009613e-02,4.967814969486009785e-02,6.224338606548997059e-03
6.378140682257791981e+06,-1.613548382152761418e+00,-5.588322246070044130e+00,1.578436012835747471e-02,1.276648671988578343e-01,-3.059726583997360305e-02
6.378135033185313456e+06,-8.991274043605464783e+00,1.066078276089745813e+01,-6.145230573887721509e-02,1.237352233988247285e-01,4.340152050579374615e-02
6.378125990991050377e+06,-7.059005994650592086e+00,1.093965213310983131e+01,-1.399207796246909330e-01,5.460840846167525769e-02,-7.264721845249136334e-02
6.378124952176271006e+06,-5.238008520429130677e+00,1.574259383600566942e+00,-2.927095203642262559e-03,1.435103262515435574e-01,5.802001046007520396e-02
6.378139730662501417e+06,-1.590707961652528368e+00,7.614560942267485366e+00,-7.023744734870833450e-02,9.965543258738326915e-02,-2.326504785565800676e-02
6.378135615902076475e+06,1.689273383266990614e+00,2.078160474104651989e+00,-3.100182369302697735e-02,1.591644777100192087e-01,-3.280923331094159207e-02
6.378137337096212432e+06,-3.796904693194852687e+00,9.952615686511376847e-01,-6.935404491988256259e-02,4.702828944316116838e-02,2.989299429365804839e-02
6.378136529027843848e+06,2.490286242473803924e+00,-3.215512722706383997e+00,-2.604249436613365054e-02,5.729012547020459478e-02,7.741113659960181803e-02
6.378136298959572800e+06,-5.646917786896731073e+00,1.894176376939467943e+00,5.158942296472562861e-02,1.060587503146957766e-02,-3.379047562278460898e-02
6.378126375508451834e+06,-2.833892756899148768e+00,8.277886641809043766e+00,-7.330103603300462678e-03,6.318596320370600816e-02,1.090306467240599181e-01
6.378138704265614972e+06,-2.396367014621315406e+00,-6.539500741514222781e+00,-5.712675240280910144e-02,1.899734335728562318e-01,2.649506574495831546e-02
6.378138949345082976e+06,-2.853790966837636667e+00,-7.462226625729671881e+00,-4.091028857592944601e-02,1.233699321265253890e-01,-6.149126961904921584e-02
6.378130645989556797e+06,9.878627093136821413e-01,2.277698077690586409e+00,-1.245756344202324922e-02,1.150894950437357650e-01,-4.053744096470038999e-02
6.378136512099602260e+06,1.488293359101349855e+00,-3.233817503546839944e+00,6.235859659045391024e-02,1.010314353700475370e-01,9.250612368381460823e-03
6.378140292940516025e+06,-5.091194641052142700e+00,-1.341700641263247817e+01,-4.401903194073859284e-04,5.624782373198939506e-02,-3.948298953572460662e-02
6.378140710170952603e+06,4.732526313078326829e-01,4.621808189401855671e+00,-5.120415015729171820e-02,1.088818056844883114e-01,2.944587075099323881e-02
6.378136019899906591e+06,-9.832487359032349161e+00,-2.312297700162957437e+00,5.631545539770685393e-02,1.340151402498354627e-01,-4.555117598946001323e-02
6.378140371419375762e+06,-2.146345999868720433e+00,-5.277175912020549475e+00,2.342617244619918035e-02,9.105778561203473065e-02,-2.983156375989138957e-03
6.378145731019104831e+06,7.089302685272881321e-01,-2.433030017141012635e+00,3.780584085921435272e-02,1.070128214964486124e-01,-2.421061813852658923e-02
6.378138447351076640e+06,5.805561674986212672e+00,-1.098255648476696855e+01,2.580733139337199750e-02,4.308243336086503561e-02,-5.943995954219680189e-02
6.378132288331776857e+06,-5.563964981686114752e-01,7.130356438476688652e+00,-5.298279917948807427e-02,2.760068517072626626e-02,4.303886714988833934e-02
6.378136972812016495e+06,-8.140389739211402187e+00,1.239577369108078919e+01,-3.460226549221311759e-02,6.359832286588761041e-02,-7.599406745717936229e-02
6.378144785642951727e+06,4.287860322147299286e+00,-1.681130988360463707e+00,1.317402669286380779e-01,1.384414071707185390e-01,3.248379574448949370e-02
6.378135447087362409e+06,3.325819657339584623e+00,1.324504012748073478e+01,-9.353081545384470119e-02,3.458040276312260297e-02,3.631729990025613780e-02
6.378135930326549336e+06,2.286143971292299959e+00,-5.431121698155699784e-01,-2.655224106930360872e-02,1.508625373132614356e-01,-1.044422887133473338e-02
6.378136572268431075e+06,2.715056726197631054e-01,-3.785223864685523409e+00,-1.601639413746426197e-02,6.408160981748806106e-02,-7.083584557041218421e-02
6.378128036373434588e+06,-1.315974535388733324e+00,5.858023588674453386e+00,-3.861290543857195945e-02,5.543910440453089783e-02,-3.249901076740081135e-02
6.378138724537332542e+06,-9.607435456919187544e+00,-4.195812092708066210e+00,-8.724865432653210184e-02,1.598830957068815561e-01,-1.088495378246656306e-02
6.378145423303226009e+06,1.371660350062821943e+00,-5.469327239375277649e+00,-1.227526141645161328e-01,1.522251277034697425e-01,-2.597256663769942353e-02
6.378137433714264072e+06,-2.745917469500920305e+00,8.220604657578507002e+00,1.316977486595195292e-02,9.380688371230305744e-02,2.499610957279468915e-02
6.378142537876617163e+06,4.489029701799142735e+00,1.753489858520167477e+00,3.435356033555075905e-02,1.393224631209855624e-01,6.561740754425376271e-03
6.378143931832001545e+06,1.992709237656738130e+00,-6.908167185665786469e+00,4.447026711046181413e-02,8.366425979917418987e-02,-9.628633690849865145e-02
6.378142451168798842e+06,5.636619621492128474e+00,9.023097861406416342e+00,-8.737944183679113852e-02,4.852340728248634438e-02,-2.308689302949015060e-02
6.378136241657810286e+06,1.118176714153696905e+00,6.667582880008415813e+00,-6.553603859099806084e-02,1.445225320111130640e-02,3.691927072614688971e-02
6.378138103027634323e+06,-2.966284922884301345e-01,-5.331966667810817961e-01,2.934977194419001803e-02,1.366278431970712748e-01,-1.296667769053127389e-02
6.378143986435269937e+06,3.399274135881170888e+00,3.128945976592999223e+00,1.492263444261415078e-02,1.802566631061138236e-01,-7.787631615118389972e-02
6.378130430368967354e+06,3.870500266693211344e+00,-8.673980670379975777e+00,2.189058917089010611e-02,1.412923600939613722e-01,-7.265756636949173564e-02
6.378133255006461404e+06,-5.375366360731793414e+00,-2.985094373372523702e+00,-5.126135838822264840e-02,6.983814506250911325e-02,3.007848584057150679e-02
6.378139215642253868e+06,6.047717317668336534e+00,9.359068265752222615e+00,8.564161000313937067e-02,1.532484576152499944e-01,2.069357413891134007e-02
6.378138266120653600e+06,-3.807279649304733837e+00,-6.468948289192518963e+00,3.957159668993020379e-02,1.091424757669422901e-01,-9.118010499294615379e-02
6.378137063671580516e+06,1.421171729115824345e+00,-4.098928960491758922e+00,-2.596975078146188803e-02,9.813902864117426961e-02,1.145756172549039081e-01
6.378139618947654963e+06,-1.006761882648815387e+01,-6.367754274840986106e+00,5.529129374319093071e-02,1.498716713288390789e-01,-1.252550843051056795e-01
6.378128662412034348e+06,6.224503668630694264e+00,3.111878356949287383e+00,-2.685935284624563213e-02,1.147621812225291388e-01,-1.510194522952735922e-02
6.378128826708223671e+06,-2.734956395940725482e+00,6.966105299613656321e+00,-2.574321508007681655e-02,1.100631679570394927e-01,-9.316603115960815640e-02
6.378141752448420972e+06,1.942574241232008614e+00,1.526595702656432962e+00,-8.583949284102698751e-02,1.350289025513350394e-01,3.423030749049920524e-02
6.378136613038978539e+06,-6.682104939770203700e+00,3.206830531663429795e+00,1.056446792788755806e-01,-3.570436063264970095e-02,1.058070383614563986e-01
6.378139882509183139e+06,1.588481737493591783e+00,-9.234978259831061465e+00,-2.458306763889251539e-02,2.600479317022640069e-02,1.107722146249265904e-01
6.378135426262971945e+06,2.856670158337015764e+00,7.894468917323460566e-01,3.058360734824019933e-02,1.268804879942785069e-02,4.649328132097256192e-03
6.378144066413611174e+06,2.709510674696524735e+00,-4.284050804631748477e+00,-5.243598681008152657e-02,1.223626589565751654e-02,-1.103012532826458912e-02
6.378131264627605677e+06,-2.209615521243846747e-01,6.206381372008830333e+00,-1.993236913749163106e-02,7.274145587943928182e-02,6.083198579923528027e-02
6.378129601081313565e+06,9.920921644929748817e-01,2.073938415493514320e+00,-3.374532947007267275e-03,1.046158464870186322e-01,-3.670677995310472203e-02
6.378135108026791364e+06,6.883611774552628182e-01,-1.872793161652891003e+00,-8.959146553793641277e-02,1.230602228340732379e-01,-6.232835587366103436e-02
6.378136597759869881e+06,-3.463820942579752538e-02,-9.545686473194251676e+00,-4.310710439115147258e-02,1.442857033957370694e-01,-8.887099412495635953e-02
6.378132111790490337e+06,3.233624608111116849e+00,6.367409846370536641e+00,3.890241163341724012e-02,1.430837344769497199e-01,-3.427650264996671969e-02
6.378147259985582903e+06,2.731710543538536928e+00,-3.713673926620288057e+00,4.807593399215278479e-02,9.744448214584308654e-02,-3.942859688050803996e-04
6.378137660033423454e+06,5.231037214122026491e+00,1.138804481166213733e+01,4.087100222990515397e-02,1.250947788471121758e-01,6.315470807739011205e-02
6.378130971312256530e+06,-4.731063476799022283e+00,1.000996279319751636e+01,-2.470923600818770646e-02,8.747540886278865058e-02,7.483049341074735593e-03
6.378131637668145820e+06,5.380674297126509797e-01,-7.037017089887011023e-01,-2.056918842890903543e-02,5.560780207483299875e-02,-1.269224562926117919e-02
6.378144437221810222e+06,-5.262727294348867879e-01,3.658259417183103324e+00,4.618174924853956503e-02,8.415465653686424186e-02,3.918665098127773611e-02
6.378133461284862831e+06,2.187303909559478843e+00,4.058869336629235547e-01,1.279665942692354286e-01,-1.543283341906727391e-02,-7.469084614343581008e-02
6.378139917434487492e+06,-1.220238893303977834e+00,5.860262492085231978e-01,4.772448769519883893e-02,3.336809506849784668e-02,7.077363003933091756e-02
6.378137178338321857e+06,-4.459280347873210815e+00,-3.152475492398587154e+00,-3.091255369533989217e-02,1.098733096694839290e-01,-2.540980895358126157e-02
6.378133924970502034e+06,-1.278569530764230855e+00,-1.131050135037662230e+01,3.665590664332785825e-02,8.468500154786873235e-02,-2.588667692279861959e-02
6.378135538311282173e+06,6.313817176561279609e+00,7.314937282710590738e-01,-7.408601245102303806e-03,8.051105017578802370e-03,9.862845570789188776e-02
6.378138010654423386e+06,-1.896068098633207244e+00,1.352966527239819428e+01,-1.284059680022968108e-01,9.224834667515836861e-02,3.275545236625940909e-02
6.378131608721420169e+06,-9.525766934438757438e-01,4.432896629005676492e-01,-1.440268315663751145e-02,7.840272525134209247e-02,2.714116792402593986e-02
6.378130996770456433e+06,-4.474774814925019939e-01,1.506015155894000035e+00,-5.485413953618981098e-02,1.090836610819911345e-01,-7.252465112144015034e-03
6.378133898928774521e+06,5.562861699257210191e+00,1.141514839055408848e+00,-1.168954932085178484e-02,7.676383852315060707e-02,7.032414831452424991e-03
6.378140519118921831e+06,5.894103332053027833e-01,4.002482361586446324e-01,-1.118378105399033401e-01,1.000311010192829059e-01,-2.487046146063143920e-03
6.378137205116048455e+06,4.033960996957546286e+00,1.318557412801109940e+01,8.319791920472968672e-02,1.489256138907731897e-01,-6.464051596871016325e-02
6.378137800871120766e+06,1.043873877275486528e+01,1.372812958953253171e+00,-2.813767751457751931e-02,3.917406892669701712e-02,-4.579989190251054082e-02
6.378134637504450977e+06,-3.076123703259158404e+00,1.279388198579453073e+00,-2.913286045096844662e-02,4.368305075681533367e-02,-3.858905825522261808e-03
6.378137816727153957e+06,-1.631039652657799932e+00,-1.866144622684010046e-01,-1.783880875445364653e-02,1.088904803253381015e-01,8.822783752153035008e-02
6.378140979744713753e+06,4.465974145316543797e+00,2.431223925133893182e+00,3.542110938915329910e-02,1.417383499521651102e-01,-2.791446519752528721e-02
6.378124992532393895e+06,-1.560995636793424346e+00,-1.424885956578863855e+00,-5.026369274603561393e-03,2.028280473797131056e-01,-4.269746687745232250e-02
6.378140589881938882e+06,-3.963107711885220485e+00,-3.330717604086466554e+00,5.670716180111098036e-03,1.939506000397303587e-02,-3.959757759372744754e-03
6.378138139859361574e+06,-5.971126323577142792e+00,-1.853336385439120937e+00,-6.249605415381621551e-03,7.183176439844728145e-02,-8.942025774659710657e-03
6.378145313203824684e+06,-5.108924397380972815e-01,8.179800203805820402e+00,-4.124858682939960830e-02,6.655368725751431569e-02,-4.315737307157262170e-02
6.378133496027621441e+06,5.214527795280711864e+00,-7.645337499211958487e+00,-3.317447705763839575e-03,1.435488019839289420e-01,-4.504093653088070415e-02
6.378135456088650972e+06,-3.368116001418538286e+00,6.589710611929631590e+00,8.480449429679941947e-03,1.654747767479779474e-01,3.450695345346129622e-02
6.378140794579397887e+06,1.463176974144587250e+00,-5.519376310133976560e+00,-4.335848652155301769e-02,1.452309399697503667e-01,-1.075244537959385432e-01
6.378142521844266914e+06,-6.430852628298383777e+00,-5.125985371677582059e+00,5.215259319173745460e-03,9.017692452610283349e-02,2.196949162455825999e-02
6.378137835141653195e+06,6.941868760997956578e+00,1.042777770710312524e-01,-1.144658614243258543e-01,1.785018197553829011e-01,-3.581784504550773740e-03
6.378140207379611209e+06,4.517582236738056700e+00,-3.944699536517547678e+00,1.298840738638106229e-01,1.216801602975298574e-01,2.317424408988963402e-02
6.378137128686908633e+06,1.470624806136600515e+00,-4.572316063284068477e+00,5.022644306821312521e-02,3.662948807834613685e-02,3.339260408131732721e-02
6.378136516739450395e+06,-4.874626485718867919e+00,-1.539613859179985500e+00,1.690652887977696014e-02,1.242427413215611703e-01,5.137813927491696742e-02
6.378134081569587812e+06,4.043977124107063226e+00,1.367912690026963363e+00,-1.088513878707515585e-02,8.048167197215594371e-02,1.170956068901895381e-02
6.378137081177392974e+06,-2.525426370990575986e+00,7.657674598391772669e+00,9.931103168972292908e-03,9.706911174592168512e-02,2.083384566369982094e-02
6.378132211092385463e+06,2.946177096277703633e+00,2.853880979396111961e+00,9.663584902755512074e-02,1.324092196844924851e-01,1.431236136309222556e-02
6.378138441474736668e+06,3.451018070209150856e+00,9.222019019426643816e-01,-2.236604793056492710e-04,1.078357208722166838e-01,-6.884158078426384341e-04
6.378136496391776018e+06,-2.076303206590852213e+00,-4.603484215101816962e-02,6.024924144162091544e-02,1.061558976977722973e-01,3.905872488689527550e-02
6.378141973261552863e+06,-5.440589066123998840e+00,5.566766799243271890e+00,7.381213400985740802e-02,1.462856198889158910e-01,2.895291367543214103e-02
6.378135252882204950e+06,-6.117296305338054907e+00,-4.580221352214364217e+00,-7.078396738973090872e-04,5.074591021339658337e-02,-7.610435378736866985e-02
6.378138572277097963e+06,2.587534987615353277e+00,-7.456201491627602707e+00,6.693184524023325366e-02,1.117332250852322573e-01,7.967938513857082683e-02
6.378142732882025652e+06,2.124071411424742095e+00,-3.077639990570129047e+00,-5.746882631985278378e-02,9.857177149191256871e-02,-2.217434293621553532e-02
6.378129919894285500e+06,-3.175410341776699674e+00,-1.660995798259010314e+01,-3.941450201579382168e-02,1.347638235547946595e-01,1.117810950652782520e-02
6.378134942376954481e+06,-2.544713611884314997e-01,-3.183302020687871270e+00,7.743096413397464184e-02,6.008878384280271628e-02,-9.098030144420340970e-02
6.378138112208292820e+06,-1.914809570250797233e+00,9.539119577679423756e+00,2.737280904537638462e-02,1.863934959696902371e-01,9.285112241248000275e-02
6.378141679256509058e+06,1.852468598192388072e+00,-9.745118757672623033e+00,5.073726929527697799e-02,1.277573933090441483e-01,4.329814325631577143e-02
6.378146704111851752e+06,-7.142414592077110491e+00,-6.193725280031661562e+00,-3.224047842446210298e-03,9.124490506862352468e-02,-1.378820327820074257e-02
6.378131780760137364e+06,6.053623949245548808e+00,-1.575152052753023391e+00,-1.651109537565648155e-02,6.983556230297574552e-02,6.219812661180166430e-02
6.378139140229264274e+06,1.300157277244593290e+00,-9.538460214752701560e+00,9.096897101676465480e-02,1.420470704889296720e-01,6.514114953373111028e-02
6.378139972464463674e+06,-1.005301177880529906e+01,-8.298374545490563747e+00,8.420818759347746194e-03,6.731748504137664846e-02,-8.644284644664502679e-03
6.378135966101799160e+06,-6.254955689918997308e+00,-7.903349723775670910e+00,2.091455539157726154e-02,4.189057336681532157e-02,7.949642370125026281e-02
6.378130058060369454e+06,2.237276305889203343e+00,7.369917975554713507e+00,-2.857044399069687615e-02,2.174411125826711255e-02,7.005927087284370691e-02
6.378136042094319128e+06,4.052866798712752683e+00,8.565587245134697270e+00,7.217778110427436333e-02,8.838133025191127756e-02,-1.837741529633600199e-02
6.378141871634521522e+06,-3.998073325678592305e+00,-1.128325086647214981e+00,1.719519257277214372e-02,9.160677787500456914e-02,-7.676867739653962840e-04
6.378147252600114793e+06,5.713360445295941892e-01,-8.781470774708310501e+00,-5.496798486957265445e-02,1.316031653536085810e-01,1.996798344234562705e-02
6.378133948024038225e+06,-2.371224164118096223e+00,-8.008351728897318722e+00,-3.295599998566435020e-03,1.683841696510874897e-01,4.560307016907043376e-02
6.378142151068899781e+06,3.891430855339494510e+00,-4.744741904102326657e+00,-6.346961936476527844e-02,1.346465305297707971e-01,6.618992356152574030e-02
6.378138416109784506e+06,6.498338120917480865e+00,7.459121784833978808e+00,-1.844047864739750339e-02,8.960365349961219028e-02,-3.151209897467167204e-02
6.378135834932409227e+06,1.225622455320368154e+01,-9.207128912699928946e+00,-4.968391494513139592e-03,1.107645720221925312e-01,-1.270751903630665085e-02
6.378134793177559040e+06,-7.819724145772667390e-01,-5.583522413069881729e+00,-1.320179055359654852e-02,1.015318154199344736e-01,-9.104077650711334124e-02
6.378141550945402123e+06,-4.621935131243735562e+00,-1.374227008099814284e+01,-2.744314863367489348e-03,1.134373889069568292e-01,2.182404369939687505e-02
6.378144461169215851e+06,-4.472573184908021027e+00,1.541942020460869678e+01,-5.931220373982575705e-02,8.330982421758099943e-02,1.212384731044537783e-01
6.378137747881937772e+06,-2.867540284314075816e+00,-2.049620289881198154e+00,2.402864023223522799e-02,-3.536864688323856920e-03,-6.986041929311469917e-03
6.378128629947043024e+06,-2.470803937198047695e+00,6.277354595339185828e+00,5.085468254001921512e-02,9.344800989446663819e-02,4.581234603677274836e-02
6.378144994614441879e+06,-2.782125919704561134e+00,-3.767234151368314521e+00,-2.370130691572570891e-02,1.266426375026962481e-01,-1.211740230984640343e-01
6.378137178921856917e+06,4.274797682709501778e+00,-2.999160063435591272e+00,2.793863060695654654e-02,6.311386033585786315e-02,2.736638916067860028e-02
6.378129538455575705e+06,-4.618740394844513375e+00,1.516758847864977433e+01,-8.966789881911939319e-02,3.132124848831378816e-02,-1.526678473796932306e-02
6.378142223935719579e+06,3.061947507187479989e+00,1.105754528001519610e+01,4.169376572276543153e-02,1.343217167960453762e-01,5.457937410528601596e-02
6.378141045810647309e+06,5.556307671329652642e+00,6.314237486117622922e+00,-7.577518404097410842e-02,1.027851579210388167e-01,-2.768970347287951980e-02
6.378142744982473552e+06,-6.867956354045041678e+00,-1.459735343773276961e+00,-2.819222486187548254e-03,1.618129773158544227e-01,-3.980867889179237618e-02
6.378139974257584661e+06,1.933051062890843053e+00,-1.248609334774446245e+00,-1.218813956667003442e-02,1.500830353726336219e-01,7.779827218368614433e-03
6.378128862999930046e+06,8.979538936563693952e+00,-4.100779728155415360e-01,-3.873576604572764870e-02,1.619980307278078568e-01,7.872066202428314174e-03
6.378129654814203270e+06,-3.378161173241515769e+00,-8.917637259713899311e+00,-6.883424006949185117e-03,3.051944750278848262e-02,1.712307217139284049e-02
6.378130196158901788e+06,1.971910640279087135e+00,2.182601484721169438e+00,-9.222255309374828222e-03,3.876983400139656644e-02,-5.126468348312734208e-02
6.378139084484398365e+06,1.523368577191774431e+00,4.003273362257446344e+00,7.640505525981447499e-02,9.018683871059503254e-02,4.940104255417868129e-02
6.378138873629312031e+06,6.913637275045735109e+00,7.239278949808491959e-01,-4.508800467644493576e-02,1.644570439385407701e-01,6.942782465576062545e-02
6.378128139358584769e+06,-3.563404773051885854e+00,-1.115785931702133382e+01,-6.637260150334109432e-02,9.898746490954717092e-02,3.361634334507650895e-02
6.378134725846990012e+06,5.295948651644384775e+00,-4.181361992811615025e+00,-4.495588360755495283e-02,1.234903262465386065e-01,-4.765339692263143023e-02
6.378136093427239917e+06,-2.003819153976295286e+00,-1.545353198460603750e+01,-4.984058967227311676e-02,5.298249372874562491e-02,2.488003435370801653e-02
6.378142150213506073e+06,9.197267052720919267e+00,9.299879646235185149e+00,6.261897382530047518e-02,1.263901719919524602e-01,4.750956629940965292e-02
6.378133256221014075e+06,1.973676514078736566e-01,2.616775583048743581e+00,3.279825591370857246e-02,1.318943947843127795e-02,-4.821526416997124614e-02
6.378129326311665587e+06,1.162252375350877109e+01,6.545883905870128139e+00,4.938665090836236171e-02,1.487308010503201605e-01,2.777218032696854993e-02
6.378135948297766969e+06,3.623105524804888677e+00,7.191259202055453326e-01,-7.182042262227693319e-02,8.644016770416619588e-02,-8.313717934143417809e-02
6.378140307566691190e+06,3.368346663360823001e+00,-1.560939145948167184e+00,3.111269557607689463e-03,5.702900709300623427e-02,2.993144254311447261e-02
6.378133581518475898e+06,1.617033967828120089e-01,-4.906142164013377993e+00,-1.883442007546529823e-02,9.823315612460359336e-03,-5.352640790576937424e-02
6.378136111605489627e+06,4.754707622312403181e+00,5.883491180197129466e+00,-7.860777345305525188e-02,6.852450407393581577e-02,3.210629134241677063e-02
6.378130989967388101e+06,-9.005811481202643520e+00,3.224004852612897931e+00,1.286795390746685308e-02,7.991263289287228733e-02,9.628886359589693134e-02
6.378137741255911998e+06,-6.821366844092304760e+00,1.413369469075139051e+01,-2.767103959641343839e-05,2.480743486447172241e-01,-8.127276902023766736e-02
6.378127136337163858e+06,-2.153901386418179076e+00,-1.933849087581287485e+00,5.464777951117127247e-02,1.152525546388002420e-01,1.400442953379722050e-02
6.378135640717297792e+06,1.335965300914325127e+01,1.923393277775026888e+00,-3.464367794269912482e-02,1.212080473202375996e-01,-1.218748913938205378e-02
6.378141629001544788e+06,-1.826681480447160111e-01,2.355641768737712471e+00,-3.367172295093994600e-02,8.246500121167665842e-02,2.309045187105605856e-02
6.378138312151798047e+06,2.330225856827779829e+00,-6.703024377534353206e+00,1.397300689848283810e-02,1.763916674579936728e-01,-4.597285403221516853e-02
6.378143771033897996e+06,-4.562983333468649150e+00,-7.015033320833348185e+00,-6.701914523044841254e-02,1.044289140836480584e-01,-1.157448069701418475e-01
6.378140531086166389e+06,4.074425823871196783e+00,-4.207050981153707347e+00,8.827170715907623616e-03,1.171845447610909557e-01,1.565133743915393671e-02
6.378131275813658722e+06,-4.107682545025078902e+00,8.520294838755386735e+00,1.120178681799566603e-02,1.052107451659806403e-01,5.664022766483024773e-02
6.378144102112779394e+06,-7.399401810541832880e+00,-5.035153008113526063e+00,-5.880815020011320726e-02,-1.168854791844448071e-03,-5.980068985794138176e-02
6.378134451314349659e+06,2.539499196257537061e+00,1.043738249348674962e+01,-9.205201900513870772e-02,6.983172142169007113e-02,6.037143996467757984e-02
6.378132454784036614e+06,6.056659447375770888e+00,1.163261618205457282e+01,-3.088076136377539485e-02,1.086738608367771031e-01,4.781556135916727179e-02
6.378137697519862093e+06,8.761703438122768972e+00,-1.106063459679208982e+01,-3.715158040253401656e-02,1.830758159608096292e-01,-7.365530854427023398e-03
6.378134213192906231e+06,-1.793899413821350208e+00,8.916241906514095206e+00,2.655140140184228045e-02,5.460165628238229651e-02,3.542752555368410688e-02
6.378129802012584172e+06,5.566562875829568213e+00,-5.940629767541016015e+00,6.424679563621528422e-02,1.170176084732192229e-01,-5.804774676722207483e-02
6.378141116203567944e+06,-1.143011096113571767e+00,-1.929917974247896406e-01,-9.033439385495692364e-02,4.905247140796749339e-02,9.492865029043895397e-02
6.378131701028758660e+06,-1.004588354180999232e+01,5.492623312397109103e+00,4.326331161208095410e-02,1.268238474791031356e-01,2.384461825737195853e-02
6.378136836367702112e+06,8.908671624130032995e+00,1.061525037754147860e+01,6.107684729960386610e-02,1.169819414983855749e-01,-7.133365129972185636e-02
6.378139035935934633e+06,9.630881505903580997e-02,-4.655254535810772865e+00,2.867755445453708252e-02,1.123338590138883014e-01,1.187458538620583676e-01
6.378144443918141536e+06,2.648489463110724973e+00,-2.493300499462603348e+00,8.431063211256772938e-02,3.612545749069612233e-02,2.774274487858400390e-02
6.378128288709374145e+06,-2.839640572255666684e-02,3.762755412440134339e+00,1.089434397398707788e-01,1.728381854073740009e-01,-1.314672504579866147e-02
6.378130050089160912e+06,5.000363852971979384e+00,-7.307908997003872975e-02,7.137076822038333768e-02,1.119800689223534457e-01,-1.290338532572167865e-02
6.378139574196660891e+06,-1.102703632364793762e+01,-1.498315658485859458e+01,-1.527949847810863154e-02,1.158835539654090863e-01,5.279166702083738782e-02
6.378137007845678367e+06,3.834137323198050673e+00,4.519152030921727459e+00,1.202133212364721662e-02,7.230747183272502598e-02,9.290846859954646209e-02
6.378134734322965145e+06,3.968889959615728102e+00,-5.814442157466274352e+00,1.401792999708121115e-02,1.012617781777255116e-01,-3.994972272611280184e-03
6.378134282945867628e+06,-1.145251600028723837e+00,-1.196710628399524801e+00,2.698868863547667155e-02,6.358086971450235825e-02,5.030836225552227925e-02
6.378136791368308477e+06,-8.752264677385298342e+00,-5.419737806801018465e+00,-1.310637260372074855e-02,8.946327011835014664e-02,9.250082913819604458e-02
6.378130793995819055e+06,-4.134189322871488770e-01,2.625211754133343511e+00,-6.713322096093725377e-02,1.420028505659785556e-01,-2.061127797547003190e-02
6.378139194489867426e+06,-5.298261930200956371e+00,3.313421900396679387e+00,2.032487419230563815e-03,1.743632391637675583e-01,-2.739000880040320593e-02
6.378140963545617647e+06,-4.739029642180152102e+00,-5.342449984253379469e+00,-1.279906645134419943e-02,7.979836799389188051e-02,3.282006883811217079e-02
6.378129142214896157e+06,-3.558754292595768032e+00,5.166572985805912843e+00,-3.514838667564517544e-02,4.366162966787989763e-02,2.294800036448086181e-02
6.378139220378691331e+06,-2.174457644522408639e+00,-4.520238760113795884e+00,-4.383669744817550451e-02,6.662920546452642812e-02,-7.200572041789064792e-02
6.378136532806117088e+06,1.892174107070919153e-01,-1.092283136924598530e+01,-3.403744398890658218e-02,2.924492719995799850e-02,-3.597526443015149761e-02
6.378136068120662123e+06,-4.276717461781534446e+00,-1.011438374044401201e+01,-9.399627450651776295e-02,8.560519516811165852e-03,2.144623706701379029e-02
6.378134187764463946e+06,4.704625751878680262e+00,-3.290018263549323141e+00,-5.054698121490702051e-02,1.000684656863092964e-01,8.522223571913839502e-02
6.378134594669591635e+06,-2.052514703442329669e+00,-4.707012110618251199e+00,1.688293979827820441e-03,1.077303105561415592e-01,6.608691128130311787e-02
6.378137673332356848e+06,-4.072858239205586095e+00,4.876754130685915456e+00,-2.491854789690036223e-02,1.145433761497716557e-01,4.150015837566384258e-02
6.378141102567670867e+06,-3.598163142948620496e+00,-9.619425611269065257e+00,-4.439695440631237673e-03,1.090587311905033552e-02,2.173003567575935990e-02
6.378138102692280896e+06,2.388775337752889472e-01,1.092839070788795691e-01,-4.242093729438551480e-02,3.994708774825776049e-02,1.453447232797813043e-02
6.378141170665394515e+06,-1.592716660993045430e+00,-5.389643539837219777e+00,7.066595313221236963e-02,7.475942184621185704e-02,2.640531769324937564e-02
6.378136954395217821e+06,-4.231835306661109186e+00,4.244958939760146599e+00,2.829485822788902621e-02,6.447151240692279572e-02,-2.912775986277571158e-02
6.378136542642279528e+06,3.649165119296612581e+00,7.268663340309587717e+00,-4.053648174034244454e-03,1.644820397377307897e-01,-3.026388705905138157e-02
6.378127443961053155e+06,-1.026681977609470220e+00,-2.034919014153934391e+00,-5.082638572305234193e-02,8.462531165079203999e-02,-2.710498317875318502e-02
6.378139126288337633e+06,2.729516871826016100e+00,3.294432702772637889e+00,1.480530662030195982e-02,3.632498848512215328e-02,8.077607739133600782e-04
6.378139056493082084e+06,-4.094698168690134032e-01,1.057132049606636315e+01,-5.911257278860666819e-03,9.072412976832025522e-02,-2.689738695451618714e-03
6.378139537919142283e+06,2.836782830883050277e+00,-7.246668162082869902e-01,6.866113274498286678e-02,2.286255660409533541e-02,3.227931944609149784e-02
6.378133547543014400e+06,4.769348565531675632e+00,7.091534435644689438e+00,2.980255873153033960e-02,1.548871669978193755e-01,1.028794363208489770e-01
6.378138155328710563e+06,4.651931598756803510e+00,4.940989891874761675e+00,-4.853318584098079841e-02,1.005661318689318878e-01,-1.517197004675833495e-02
6.378135644444051199e+06,7.992721359377843449e+00,-1.034379806295388882e+01,-1.125094145413068764e-01,2.672630746211938912e-02,9.467960307995031133e-02
6.378132534989722073e+06,-5.976720855711447733e+00,2.123685317102631753e+00,-2.500085555682923788e-02,1.141124080275597169e-01,7.522072011691863236e-02
6.378141393014593981e+06,5.346012300964745556e+00,-4.165326486330866551e+00,-3.719606282329269292e-02,4.256693463653501985e-02,-7.326426881679715120e-02
6.378131994653803296e+06,-4.607859218527339706e+00,6.565417797202441008e+00,1.168007101099690637e-01,7.515473952036673400e-02,-3.122159757113833652e-03
6.378126995560825802e+06,1.707270756347639917e+00,6.981690373349143997e+00,-2.489827941949353252e-02,9.175563904065987819e-02,-7.710647692413818977e-02
6.378139313952785917e+06,1.917564122003484195e-01,-5.270671159573211639e+00,2.125258678235036544e-02,1.065125574717406959e-01,9.609599067579442655e-02
6.378131771954387426e+06,5.800241722365728769e+00,-2.845986498280947519e+00,6.984699000494871968e-03,1.568173171509293085e-01,3.233027082022185000e-02
6.378131959868116304e+06,2.331610397157702685e+00,9.377848486057476229e-01,5.646562819094178010e-02,7.786094796621020886e-02,-3.709255094875045511e-02
6.378129132672481239e+06,-1.913466617355499944e+00,-7.604797103761060661e+00,-6.566587101383459385e-03,3.313692313714726445e-02,3.644944497418425248e-03
6.378140077575080097e+06,6.846791764552239146e-01,-6.308278986189280069e+00,2.207488425241646915e-02,8.804701791664608368e-02,5.850741125693879191e-02
6.378138526866189204e+06,1.621007900896524745e-01,6.851863430200338279e+00,9.350538222107653008e-02,1.040609878075910710e-01,-7.801824712428624686e-02
6.378144239989289083e+06,2.556679930453536365e+00,5.660338335490197714e+00,-5.841274881306150052e-02,5.824981504225670154e-02,1.816218003877807449e-02
6.378143976382430643e+06,1.285046846509813046e+00,-7.740119754114216377e-02,-8.289682376401280584e-02,4.024990968248125939e-02,-4.754126796403657096e-02
6.378137668931839056e+06,4.915653691069491238e+00,3.340004570789412153e+00,1.025637676701894770e-02,9.705611649918848005e-02,6.258990822979663970e-02
6.378148515518041328e+06,-2.441321302617175615e+00,9.729287509368836240e+00,2.608865336401025581e-02,1.111347632381884387e-01,7.894395795932979132e-02
6.378142119645288214e+06,8.492834296756367252e+00,8.273949465797453939e+00,-3.536692608718277481e-02,1.005096019375220084e-01,2.903092207414235959e-02
6.378141172079104930e+06,-7.139029072842610013e+00,-6.736130086412288165e+00,6.230323654376201253e-02,1.109771065115200128e-01,2.160182619448466207e-02
6.378134346426988021e+06,4.858540741974630706e+00,-9.790760957349398552e+00,4.451380171281016374e-02,1.751576542378462387e-01,7.336674999671901308e-03
6.378132815464995801e+06,-4.249897675992057700e+00,2.987936190763984534e+00,2.291899431586656710e-02,1.197779792413455890e-01,8.834988827354990941e-04
6.378136701897683553e+06,8.604650218003561335e+00,3.921810052321517581e+00,4.942472577577650128e-02,1.282032298651993030e-01,-3.540639153495434704e-02
6.378132415618352592e+06,-9.093028917875417561e-02,2.852563579599610932e+00,5.994404794932081670e-02,1.300437556684928830e-01,-1.032368337411938147e-02
6.378133845366965979e+06,2.932767882936407666e+00,3.497571810788812297e+00,-5.085479365383658440e-02,1.042227763434818572e-01,-3.883200896918492101e-02
6.378143998413207009e+06,-5.823028625319731644e-02,2.604616738422852684e+00,7.485710837990997013e-02,1.098284702070074226e-01,2.490442384377480889e-02
6.378142042886782438e+06,2.596851155988662008e+00,8.518524005838500557e+00,3.636082602268375652e-02,5.958458719613556748e-02,1.687069088478570719e-02
6.378138548529070802e+06,3.687613961259439854e+00,-1.459952951073980820e+00,-5.943141779082173216e-04,4.638783037815395055e-02,1.422436670129123559e-02
6.378142758738081902e+06,4.230560480023390468e+00,1.390092666907476016e+01,-3.533740306220166383e-02,1.100760291069035474e-01,-3.881784653492445503e-02
6.378129532801358029e+06,-3.608668136309531427e+00,-2.207677778932383816e+00,5.695109892716847949e-02,1.708917081733781484e-01,7.290437909614547185e-02
6.378129608835894614e+06,1.030225332495396384e-01,-3.021341073159971469e+00,-1.215550897100039357e-01,1.453823190193548887e-01,4.027799675096124798e-02
6.378129421329340898e+06,-1.330524524823088139e+00,-3.733887072530350792e+00,1.156751415819936776e-02,5.443935826936527334e-02,-6.375819996312441507e-02
6.378140742277687415e+06,2.678889811200193982e+00,-2.982613262519334674e-01,9.296501098327439316e-02,1.184868147282960027e-01,1.164445608239993851e-02
6.378137118552209809e+06,3.718069002370642639e+00,-1.249071948550724720e+01,-6.385284762252523005e-02,7.626783505819886844e-02,-5.446383816583926646e-02
6.378140020559211262e+06,2.253437467737620992e+00,1.274455653391505905e+01,1.181709307277313964e-01,1.502638055757230529e-01,-1.488077154256056689e-02
6.378146558226394467e+06,-2.382325659647846816e+00,5.475885661569264151e+00,7.480720833806981523e-03,1.632224255938671265e-01,-4.152337642246493703e-03
6.378144964807693847e+06,-5.684530439720050232e+00,-5.336497420117250812e+00,3.397476771814486596e-02,4.837645469741333470e-02,1.769749455748304001e-02
6.378138115326590836e+06,6.799229005999251285e+00,3.302622483940105269e-01,2.562000139777446950e-02,9.081102385918872477e-02,3.761085091507386513e-02
6.378137606705125421e+06,-3.505807114256470403e+00,7.016513773137404542e+00,-5.939059091080754055e-02,3.427905251900235928e-02,5.039053475591020320e-02
6.378139941441688687e+06,3.040041629416864399e+00,7.894117602212249452e+00,-3.524974063844641542e-02,1.352743322587705854e-01,-7.801198297651280866e-02
6.378136376300798729e+06,5.595407196036362052e+00,-4.491703536753062664e+00,-4.287553019146826683e-02,1.369813763415221319e-01,-3.390662526731864912e-02
6.378148025595657527e+06,-3.934958990944263935e+00,-2.234477305102627653e+00,1.336492508147273384e-01,5.114748697622518991e-02,2.511296023843968134e-02
6.378130330824909732e+06,-2.108517423601907304e+00,1.389267823047461436e-01,4.288956182563878616e-02,2.333704803346349499e-02,5.896062909733715968e-02
6.378135838540575467e+06,1.453420463400512674e-01,-4.885399486776885070e+00,1.829065202134778564e-02,1.426073550595323702e-01,1.739116419097313723e-02
6.378142705162812024e+06,4.657468353343986678e+00,-4.552304329097132118e+00,-3.579119427089341721e-02,-3.237720059713372622e-03,-2.365429318115051457e-02
6.378135980270813219e+06,1.560076805451370285e+00,-1.521290815588806078e+00,-5.089127569013265906e-02,5.929473764706008621e-02,3.605310590644698193e-02
6.378145746984067373e+06,-7.651266704069737301e+00,-1.768916301673949754e+00,1.332093901071021713e-01,8.574367553849734924e-02,2.430455381329854180e-03
6.378136159878674895e+06,-3.980256228035609745e+00,-6.685419235547860328e-01,2.724313723389925820e-02,8.198147589170819149e-02,2.026963508213677767e-02
6.378149266457133926e+06,-7.320717038028382362e+00,4.377437633569478237e+00,8.758413836170536593e-02,1.109534164091199315e-01,1.934574968413139973e-02
6.378135269485063851e+06,5.448235706737214024e+00,-1.130385903287539762e+01,-6.159735200901465119e-02,8.580791556110325957e-02,-1.556162153164094945e-02
6.378140221492399462e+06,3.222810768067184473e+00,-4.998543395179029680e+00,2.325775543254164981e-02,8.027451009413233418e-02,-1.928661086656585037e-03
6.378133952297344804e+06,8.596340708825223054e-01,-7.379547605266959742e+00,6.451718233084495491e-02,6.068523323569002814e-02,5.648611117527199688e-02
6.378138657648610882e+06,-1.100091213838958915e+00,4.797699534302295454e+00,3.754440863010150009e-02,1.798424177218254094e-01,1.002744787003743004e-01
6.378138173235641792e+06,1.043649423373361884e+01,1.951860886613941748e+00,-1.671625829835265975e-02,6.667539835044875018e-02,8.319015157697324733e-03
6.378137182580647990e+06,-8.527092676622002543e+00,-1.541229492441724913e+00,-3.387287733008436524e-02,1.316536344337076447e-01,1.637011302537194971e-02
6.378138834253653884e+06,-1.330663975479556616e+00,9.106813315888633298e+00,8.096092067284828275e-02,1.193693628328975770e-01,-7.408009710830028294e-02
6.378130330486623570e+06,-6.552227196894242489e-01,4.590008853350458828e+00,3.339937733941148595e-02,6.195459692179072775e-02,-6.097765241064251329e-02
6.378133395406366326e+06,9.688680306901046535e+00,-9.365587517586858368e+00,1.101742473863523246e-02,1.123121534458039195e-01,5.107388859829065618e-03
6.378138414057264104e+06,3.881953438173487481e+00,1.162936326705267698e+00,3.417207125453020078e-02,4.732956264956730830e-02,1.269419317265692120e-02
6.378140258439833298e+06,2.797302581124663678e+00,9.539521654398765094e+00,-1.352087466423154416e-01,1.832416499047713476e-01,3.915242281888048348e-02
6.378134531119646505e+06,1.607732339694907608e+01,-1.996524618747482993e+00,-4.956616724351238512e-02,9.110676778913312512e-02,-2.186960424418751391e-03
6.378134557744559832e+06,-7.323788927225016732e-01,-7.966277896488866084e+00,-2.687693797303446208e-02,3.548599448515050991e-02,-1.260522173909194854e-01
6.378137899542383850e+06,5.905097474565971893e+00,-6.436201059893249088e+00,7.853240138997834296e-02,1.406876503261516032e-01,-2.149667905310135955e-03
6.378135686879429966e+06,-2.440406239364573793e+00,-3.596561711644202575e+00,-5.695721940636556957e-02,1.295924390957640948e-01,-5.518567975505514478e-02
6.378139064777476713e+06,4.723637539045692613e+00,5.179002655925105003e+00,-2.205943686164582238e-02,7.796696227735498697e-02,-5.942772145874380962e-03
6.378146098593043163e+06,8.640555717609939013e-01,-1.190744619012665950e+01,-3.242004173506830150e-02,7.741576263198760022e-02,-7.107506244659571662e-03
6.378135716519991867e+06,4.414726209979709992e+00,-1.756251240994737284e-01,-4.053555161459380246e-02,1.233705674792808932e-01,5.079337946970591267e-02
6.378138030960460193e+06,4.678288094153490562e+00,6.206288571636942031e+00,3.815013608665263067e-02,5.387113286093570680e-02,-4.093052361815240764e-02
6.378146737115539610e+06,-1.546904279942023175e+00,8.119113160057805922e-02,3.134145608906561964e-02,1.241033645069462427e-01,3.219246692213220684e-02
6.378137735505176708e+06,-2.594250562489801126e+00,-2.064570439558132353e+00,-2.187502227259117277e-02,-1.454826947990987829e-02,6.614194628498390460e-02
6.378145997485931963e+06,7.020906099254983879e+00,-5.352991159888480510e+00,1.688664385319952818e-02,2.875409086629629463e-02,-3.530247880759978651e-03
6.378134467985647731e+06,8.452363136006262323e+00,-1.532313434627679438e+00,-3.665784122146938454e-03,2.712168087914455794e-02,-5.659966907325541391e-02
6.378135752762286924e+06,-6.962506502177010503e+00,-1.821879975008042152e+01,-2.324415176488709225e-02,1.236652139275033618e-01,4.580738056616072418e-02
6.378131717262545601e+06,-8.829955178177634201e-02,1.594601173659135673e+00,-1.511592475473218060e-02,5.441866837139113650e-02,-3.342354201974079286e-02
6.378137790339169092e+06,-9.352008523316296618e+00,-4.984794805975726106e+00,1.911129920964865087e-02,1.281262542508236901e-01,2.626677366415202872e-02
6.378136336565508507e+06,3.807291217949050122e+00,-1.575117420646924282e+00,-1.405088919902991104e-03,1.003090322349336067e-01,-5.337035136907904154e-02
6.378136190629830584e+06,1.020468817024635477e+01,6.893546132046577846e+00,-3.240840000895644363e-02,9.064529051344247246e-02,-3.499612237520480923e-02
6.378133793850200251e+06,-7.904066475982607365e+00,9.522952959759491520e+00,-4.147795616791894596e-03,1.009216049552259797e-01,6.194352444740053310e-02
6.378134711307524703e+06,-2.025779152288138096e+00,-3.791405326421572575e+00,-7.020986622039211700e-02,1.558233762829486224e-02,2.049648914995597787e-02
6.378135795465500094e+06,3.750401494066865737e+00,8.382245570143712854e+00,-1.545036306963832630e-02,8.054281537662497104e-02,-2.880939639254939243e-03
6.378131134957006201e+06,2.666441999296405463e+00,2.031823221782875777e+00,-8.581486745486760145e-03,9.906255541103468898e-02,-3.089620524781608313e-02
6.378143956493188627e+06,-9.798199590401038606e+00,-1.538609928241820413e+00,-8.963516222544475054e-02,4.314112528491625964e-02,5.990122462568792105e-02
6.378134505634705536e+06,1.149009350086573678e+00,-5.049781117522134544e+00,4.038801816597911709e-02,7.999097332219554102e-02,-6.023106973993061497e-02
6.378131936196223833e+06,1.420522372001498557e+00,-2.467968559035973453e+00,4.645555346815555438e-03,3.387547961676055930e-02,4.621468291613142765e-02
6.378131089336494915e+06,-5.014953494713147109e+00,-1.292719594993366528e+01,-2.272618373841402833e-03,1.696849055883822566e-01,-2.801589448811758407e-02
6.378133769815535285e+06,-1.203293792039818655e+01,-2.499647044189447609e+00,-5.714641949762849782e-02,1.462049403365949241e-01,1.859390693067454470e-02
6.378136314353836700e+06,-3.139461575925370340e+00,-1.204971824262299229e+01,-4.228986125656203007e-03,7.927252307826695987e-02,-2.103942069391280881e-02
6.378135434395191260e+06,-1.142357704650212247e+00,-1.009032211559091685e+01,-2.470856457368628828e-02,1.144406971836420955e-01,-5.104230925803580204e-02
6.378144494774064980e+06,-4.373201289197053976e-02,1.103443982964272818e+00,-2.817446289706914200e-02,1.102766309045606630e-01,3.104144659545637376e-03
6.378137870305091143e+06,-1.709350792235523553e+00,-1.594722683465846114e+00,5.560463478301604090e-02,1.855367230251206978e-01,-9.305105569305770208e-02
6.378134469513205811e+06,-3.278995959902926138e+00,-7.550718634519915096e-01,6.817955495695951496e-02,1.186585912056226932e-01,5.298557245856275189e-02
6.378132834420314990e+06,1.388110565669554264e+00,-2.616729296179486131e+00,1.509806521107789727e-02,5.073243843214774590e-02,5.710668521921087593e-02
6.378139665014197119e+06,2.412511644256029264e+00,7.362139157526820910e+00,-9.445904064840014713e-02,1.929878765753582082e-01,-1.085199620102735366e-02
6.378143540236915462e+06,-7.678096125989155585e-01,-7.633429794719654993e+00,6.196592385655722013e-02,4.678590640662945443e-02,8.044503294368069574e-03
6.378136786845943891e+06,7.298334278399298825e+00,2.945406436754718804e+00,5.111920279490909241e-02,1.075139861645697803e-02,9.546294176873497926e-04
6.378133064305037260e+06,1.131887230313630965e+01,9.715192564681114640e-02,-3.004836585286260742e-02,1.688861392803764905e-01,-2.312851160856203500e-02
6.378143875704414211e+06,5.854555450711061759e+00,-1.200790120417464912e+00,3.785542716691511181e-04,1.988692713941940526e-02,3.273199411579812840e-02
6.378139336941983551e+06,-5.153010484250686751e+00,-5.075089451877887736e-01,4.173953814086128755e-02,1.625185644962831855e-01,-9.080168207880166820e-02
6.378140830623789690e+06,4.897000253844058237e-01,-3.014325449065942575e+00,-1.779792044156705208e-02,7.876129230942004178e-02,1.518256314659764163e-02
6.378135392992937006e+06,-3.633231998343630309e+00,-5.899967588975900235e+00,1.712263508019453567e-02,1.640801959841872160e-01,-6.323227729359172378e-02
6.378146704724377021e+06,5.441876355648792796e+00,3.586807248500031520e+00,-2.431956019653424769e-02,5.714532732055684072e-02,-1.649538733681450361e-02
6.378138574196408503e+06,2.904028686648842505e+00,-4.431753848112030880e+00,-5.108911857721171700e-03,1.447577786851324544e-01,3.046877618349622813e-02
6.378129203010967933e+06,-2.813345910793157323e+00,5.756391157817751791e-01,5.935297371547855472e-02,2.549202005410354521e-02,-2.056706471471050901e-02
6.378141273877751082e+06,-2.011233476938627529e+00,-4.900824736341769849e+00,-5.040130412031266355e-02,9.314205734875531661e-02,-7.647271116005162350e-02
6.378140997241389938e+06,-5.267061369916678615e+00,-2.060667451165025810e+00,-7.468367556963591281e-02,9.402765840879316606e-02,-1.105670366423524252e-02
6.378141723489685915e+06,9.659601336366007374e+00,-2.990484270551678758e+00,1.367989023491736691e-02,9.899482672166423636e-02,-6.316131832118987433e-02
6.378129968216416426e+06,5.659046472167040598e+00,2.282116053787169641e+00,1.520584218689208580e-02,1.417364977278026406e-01,-8.492602329443693643e-02
6.378138006841409951e+06,1.163259517192212478e+01,2.358993904824923771e+00,-4.431545422334177281e-02,1.692394189124334092e-01,-3.703480517148246415e-02
6.378134015240618028e+06,4.618255759474969580e+00,-1.037048056473218693e+01,-1.995905204634154748e-03,1.553782278281960749e-01,2.963383521913523500e-02
6.378138538334221579e+06,-1.139876929058412758e+00,-4.254485324134193447e-01,-7.200880940119240570e-02,1.453252851049329220e-01,6.090658934019332026e-03
6.378128878967751749e+06,-1.108180471787502519e+01,6.745761436875912231e+00,-4.759718563410369335e-02,1.124533035006412829e-01,-6.686413790641577981e-02
6.378148266071894206e+06,1.279908742437811719e+00,-2.212225387603802496e+00,-2.058964534284254966e-02,7.069425391748912491e-02,-5.056549502877315944e-02
6.378138555524827912e+06,-6.939528946284002409e+00,-1.182685724748981393e+01,-6.236945784359415601e-02,3.176236631659035137e-02,-5.651323065870959145e-02
6.378133744481630623e+06,1.637951554770902263e+00,-9.960935744951987303e+00,-4.480598157900569228e-02,1.587039221674202416e-01,3.812055395856880913e-02
6.378141707269213162e+06,2.663090754913308711e-01,-5.180550431371270470e+00,8.961779088975328419e-03,1.411347363235304075e-01,-1.732778091987249025e-01
6.378130875724769197e+06,-3.464237119908525564e+00,-1.029963370796581046e+01,3.423512048840814115e-02,1.185064971837418296e-01,1.329517839119184232e-02
6.378135320443268865e+06,-7.993076759144606136e+00,-9.306713337804393138e-01,-2.473056945441206786e-02,4.360854895697086064e-02,1.553666029916397733e-02
6.378136570441570133e+06,-2.037683303726466555e+00,7.075757706960681404e-01,7.872549939240928996e-02,6.337893482548051516e-02,3.870594669221941869e-02
6.378139625755038112e+06,-3.248228281587087984e+00,-9.473381542650896492e+00,1.003835459215609432e-02,1.692986166012592775e-01,2.879029775533372901e-02
6.378140786830125377e+06,-3.455443225988608535e+00,1.307879578903175632e+00,-9.417735484473227503e-02,7.122944364450649324e-02,2.826308932147061914e-02
6.378140299041168764e+06,2.430787909510053968e+00,-2.499024996960145462e+00,2.499821714810297811e-04,8.415851075031870188e-02,-8.056410668669501673e-03
6.378144631582061760e+06,-1.135201170433204787e+00,1.512872195250283824e-01,9.393876754290576836e-02,9.305925656643253274e-02,1.711028480372311228e-03
6.378135969829278998e+06,-7.956250579811787738e-01,9.866968916390372879e-01,-6.230838599096207020e-02,4.693644416360242405e-02,1.378185072389725707e-01
6.378143180776696652e+06,-4.935721001082205461e+00,-6.058026935987411932e+00,5.693583355856505351e-02,8.021488473678681230e-02,1.671956380624408864e-02
6.378139815058025531e+06,1.116797516458748918e+00,-1.096795603813969855e+01,-5.229981779564312622e-02,6.781421086526001618e-02,-3.027759088499109782e-02
6.378131227322904393e+06,-1.761927907851111641e+00,-1.590942087595716359e+01,-6.250691094988873597e-02,2.302627237984660180e-01,-1.422803096516944005e-02
6.378150952708998695e+06,-3.183805547994725149e+00,-2.969541790501225798e+00,-7.184221723472759835e-02,1.149267520795737019e-01,8.647687915943320924e-02
6.378141965803503059e+06,-6.060311962086296411e+00,1.137651807310409957e+01,-1.114091072483163747e-01,1.615579135523107501e-01,-6.344403046454154260e-02
6.378124255080701783e+06,1.310399662151613853e+00,8.894866091070635861e+00,6.321638764892813234e-02,3.477248721175080215e-03,-4.559210885970349514e-02
6.378140531554168090e+06,-6.437862915332672742e-01,-9.587386591444145623e+00,-3.530317576097662807e-02,1.292618734868624109e-01,-6.370381885019409107e-02
6.378141654266249388e+06,3.474366937749943318e+00,6.643944369596934685e+00,7.103468386727829209e-02,7.802584676061861957e-02,-3.229642728610595398e-02
6.378137615906919353e+06,3.959548554442111179e+00,6.342769928105478350e+00,-4.133321671215395288e-02,6.758720923136590786e-02,1.312820850244645135e-02
6.378127350879932754e+06,-8.528177444849388777e+00,-1.154418140128628201e+00,1.196328447230375625e-02,1.597865209735915004e-01,1.354812453442154341e-02
6.378141623910381459e+06,9.615884278394187135e+00,-1.933662257635721804e-01,2.664492519860689468e-02,8.444978897325974843e-02,6.725878215618256994e-02
6.378140003860828467e+06,-7.631721534891261705e+00,3.512468093198314545e+00,4.789017688595662015e-02,1.313228489148336453e-01,-7.327833901435479302e-02
6.378131503700156696e+06,-8.444010436476057091e-01,-7.484808243765438407e-01,-2.435852686462439479e-02,2.532115312773963733e-02,1.527274043317228963e-02
6.378141106814005412e+06,1.831969542520171634e+00,-1.192490461438581839e+01,-4.555680393501606446e-02,8.388198837910081085e-02,3.286006703510565424e-02
6.378138429036762565e+06,-1.846278277338441409e+00,6.764538230914650008e+00,-2.148871974531168377e-02,1.390075015139423387e-01,6.300927704276364227e-02
6.378132427416224964e+06,6.861600845008796412e+00,2.892164189213460190e+00,-1.961149441027446386e-02,1.091718972164637813e-01,9.035005150021375997e-03
6.378137815508442000e+06,-7.158422289968345176e+00,-7.126527951880080813e+00,1.081685102041338720e-01,9.602370234217860734e-02,-5.088371079161015803e-03
6.378137955456922762e+06,9.397508715569711235e-01,-1.272516694027381323e+00,5.262542710763182252e-02,1.243231709531120166e-02,1.378230205367165888e-02
6.378127983439785428e+06,3.874192852398680831e+00,4.050795329524697230e+00,4.125356501594393266e-02,3.123053445437844189e-02,-4.634003980834552200e-02
6.378126100140429102e+06,-6.758277124538239811e+00,9.446621221127420753e+00,-2.161936142639776098e-02,1.747265937971176075e-01,-5.512306378350271402e-02
6.378136016051100567e+06,3.628880004014902738e+00,-2.164617402047011918e+00,1.925509096511713106e-02,1.163693226234088773e-01,-4.838789269068933391e-02
6.378133862452976406e+06,6.073158657806870586e+00,7.862769499435634524e-01,8.024523195179839030e-02,8.032442006066112250e-02,-7.124981250607430316e-02
6.378133139449579641e+06,3.016052876923938642e-01,-6.748051903497449544e+00,3.326379591389150986e-02,1.110158822003939061e-01,8.136387497552481987e-03
6.378144648542826995e+06,4.819781882031779929e+00,-2.539201584252520405e+00,-3.080833230451338750e-02,1.476586800617810669e-01,1.070629600540506515e-01
6.378136928445714526e+06,3.198755739106562856e+00,-8.036931117675155667e-01,6.714160597434581934e-02,1.175964029810780548e-01,4.478658741002583543e-02
6.378140819403588772e+06,-2.189387254740477573e+00,8.972905568247700359e+00,2.382204065137032492e-02,3.361063696499998199e-02,-4.473063991490431636e-03
6.378138813544104807e+06,-1.514216154034692963e+01,-3.760634150683093146e+00,-1.968049855702201645e-02,1.480486262626031779e-01,2.009460521674067898e-02
6.378131292171127163e+06,-1.433154900462313197e+00,-9.659763226875859310e-01,-4.300932670409714914e-02,9.896430477265498460e-02,1.466143108185710871e-03
6.378142035688072443e+06,4.852143772607923289e+00,-2.291743726920458357e+00,-4.853711073811271814e-02,5.733447825651402652e-02,-1.835987928968222868e-02
6.378136642259201966e+06,3.368493493936019156e+00,6.738307801384129547e+00,-2.551441565625887919e-02,9.892601080830670801e-02,-5.639491574237383287e-02
6.378131633056367747e+06,3.233038402081473972e-01,-3.974684414534395138e+00,-2.229543642036185477e-02,1.493869466934343304e-01,1.005969343199017985e-01
6.378140597527753562e+06,2.292790017263308666e+00,1.545700009434774147e+00,-7.102383966936236248e-03,6.819988268961763023e-02,-6.741335256806932352e-02
6.378144906294868328e+06,4.709307827055740248e+00,-1.437383076862153075e+01,-2.838418120337176179e-02,6.831068480731322667e-02,-4.703234539523929586e-02
6.378138536472133361e+06,9.336287961371397826e-02,1.589837932275297305e+01,-4.892303511187581083e-02,8.687765744830217018e-02,-8.489303310151963267e-02
6.378140578131631948e+06,-1.112382273807120958e+00,-2.242634360674654825e+00,-2.406296172231363675e-02,1.200646933291854984e-01,-8.171633893535937276e-03
6.378136844611639157e+06,-6.371187430322232004e+00,-1.950580545517497155e+00,6.848005210110041452e-04,3.482435440845409180e-02,-8.601232639480349551e-02
6.378145877415563911e+06,7.001000136352956815e+00,1.378532453960074200e+01,-7.588589061594598617e-02,8.937329953574990604e-02,-4.014401906158507338e-02
6.378138359272583388e+06,7.824458299620104640e+00,1.588577107879350336e+01,3.563314502910899383e-04,1.907242023624833582e-01,3.637780202954997433e-02
6.378136996424618177e+06,5.311062601697682517e+00,-9.404033739016697258e-01,3.096963272661788780e-02,6.419631404632497595e-02,2.878050119052243117e-02
6.378137701588312164e+06,-5.879424308166800728e+00,1.467586669723040949e+01,-4.212440658763619977e-02,1.417728417419541198e-01,3.976105609709629229e-02
6.378139682562103495e+06,4.435998455732371726e-01,3.493343988301884195e+00,-4.665552250099083698e-02,9.713636598778915832e-02,-5.381340584618059947e-02
6.378140592320705764e+06,-6.056425080248435400e+00,-7.823109327832277415e+00,-2.329924946071562641e-02,7.844968072558980432e-02,5.401052683902545642e-03
6.378138613735099323e+06,-3.787270020153978400e+00,1.079105763267318352e+01,8.337662744562217287e-02,1.190756941806319497e-01,-1.275487334635313011e-02
6.378143077721755020e+06,1.183717666238773836e+00,6.514318103892082767e+00,-8.514360507479215232e-03,5.983544262401894326e-02,-9.947348581469559956e-03
6.378144289830178022e+06,9.429281282603813708e+00,3.357608910605440755e+00,-6.067474019827179266e-02,9.252891370288977846e-02,-4.320086731023045634e-02
6.378136112362668850e+06,4.953182872357619004e+00,-5.903310789828398519e+00,8.212549110182616741e-02,8.451721575179239887e-02,-3.621828564870928358e-02
6.378133401012238115e+06,5.969984216263978460e+00,-3.478716726712941743e+00,4.674759410546781152e-02,1.256241971239349386e-01,1.255187767855740592e-02
6.378139652391021140e+06,4.557223848781257303e+00,7.992206085993218245e+00,-5.128443374326374649e-02,1.145656478369908582e-01,-5.829621900821624347e-02
6.378133371046091430e+06,9.091226461822325966e-01,-7.092408567050970447e+00,-7.597829993117669219e-03,7.819140048411986343e-02,-6.333130614935198431e-03
6.378139148628724739e+06,6.033672846490837571e+00,8.740365750988377869e+00,-1.254574848578394325e-02,9.770772598890620220e-02,-2.788377344030214602e-02
6.378136652004560456e+06,5.246954744480553323e+00,5.140078206836658836e+00,6.615792629542452570e-03,6.176997440438038167e-02,-6.693088812120566444e-02
6.378139203505977057e+06,-6.467313767491488008e+00,1.319128811692161563e+01,-1.763230999437755716e-04,1.280149528627215483e-01,-1.742909527168736220e-02
6.378130734512013383e+06,1.824463225657961152e+00,6.416444586001342820e+00,6.229424215703121409e-02,5.905763142703390756e-02,7.887911055528064319e-02
6.378137851444356143e+06,-7.842614366874619769e+00,1.354415119244665533e+01,1.098917810998201183e-01,6.860119862008448588e-02,3.816823596541824709e-02
6.378132556598968804e+06,-6.612847111476622075e+00,4.891641403842867386e-01,-3.401107916254916819e-02,1.950018264028058335e-01,2.275488144622616823e-02
6.378144215578573756e+06,1.060690585634018035e+01,1.679715301397142868e+00,-2.942195844201903748e-02,5.012134565086789895e-02,2.655494006420798525e-02
6.378144737665332854e+06,1.928213821050217769e+00,1.456746476561204373e+00,-3.412046333834732603e-02,4.810590101108648542e-02,4.299953364478565493e-02
6.378127658915961161e+06,-3.851675964362563764e+00,4.172596397046470784e-01,-1.414999949721718053e-03,7.710382120502631831e-02,5.754783687142649498e-03
6.378145214426797815e+06,4.238208025840127569e+00,-9.764843691366321465e+00,-2.304417702146040886e-02,8.820331504361761388e-02,-9.905036843979742739e-03
6.378129497038229369e+06,-1.785030880343789761e+00,3.338997503091549302e+00,3.697890949004207367e-02,1.681395194386387515e-01,1.157290758034242445e-01
6.378131047505045310e+06,-2.517412390176104187e-01,5.051869411383103525e+00,4.461948096340449116e-02,4.416634662232311881e-02,-6.428993112803597920e-02
6.378130651794812642e+06,5.902193911280258831e+00,-1.217523623431465651e+01,-6.114075883934436823e-02,3.390482699722800752e-02,7.496877934071896968e-03
6.378135073185393587e+06,5.141820744467243465e+00,-1.342956120878222848e+01,2.609701232093755360e-02,-1.240674873426499125e-02,-5.370356511228635554e-03
6.378141743129782379e+06,1.987424447210462075e+00,-1.131717862278715714e+01,-1.371530943901867229e-02,2.194967489721980081e-02,-6.700363020454640217e-02
6.378135783401855268e+06,-5.396664165087271314e+00,-7.138545301619680927e+00,-7.644043993995257302e-02,-5.745818449850517706e-03,-1.336303479538726025e-01
6.378132769799587317e+06,-1.744462762671545208e+00,2.587089976143844616e+00,-1.896875931751689989e-02,1.642475042105155936e-01,2.505267329424597580e-02
6.378134390347642824e+06,-3.574235607089979005e+00,-2.239594780438264099e+00,5.181075080769978469e-02,1.475644473114049726e-01,2.462026611205560093e-03
6.378137938417428173e+06,1.215117492767608276e+00,9.150467161021314411e+00,1.859874920241555082e-02,1.277609487154101053e-01,1.045902165104054329e-02
6.378126362929107621e+06,-6.597905274565107447e+00,-4.448570758691815286e+00,-5.860402338599406818e-02,1.595626416136121939e-01,-2.827605888182135874e-02
6.378136478847879916e+06,8.862158869670635042e+00,1.451941583728361884e+01,1.072266484483468812e-02,6.285867471750281044e-02,-7.236978636149678235e-02
6.378133110621124506e+06,1.023809261923749681e+01,-6.050291417543819605e+00,1.998301810112493998e-02,7.980143748647024193e-02,-2.797170444288909000e-02
6.378133431426310912e+06,2.885908438727892378e+00,-7.098620170971662979e+00,4.260116328797701295e-03,1.643687020704757973e-02,6.302039967587792779e-02
6.378131275062485598e+06,2.496017628808862465e+00,2.563742794065535513e+00,-5.758794462717879009e-02,1.574532242611690891e-01,-4.951319485228059675e-02
6.378133184117692523e+06,6.223866432901590251e-01,-3.467694958050440701e-01,-8.883394171686834206e-02,9.103668965170794158e-02,-7.598203062524261364e-02
6.378131609622550197e+06,1.161197214260808686e+01,5.318663325895076177e+00,-4.348116662363139123e-03,1.209838305714381057e-01,-6.452244330893129598e-02
6.378128722910224460e+06,-4.033289412468211488e+00,-1.505143378100369800e+00,-1.143772382303162062e-02,1.688464665365324024e-01,5.230379881917244372e-02
6.378137862502820790e+06,1.988754247598871761e-01,-2.294071158446812086e-01,-3.898931141101040151e-03,1.538233930295851426e-01,-6.192700225618809340e-02
6.378132012063756585e+06,4.778996072286837205e+00,-9.885008629147531423e+00,-2.003439339961739576e-02,9.310577795689406466e-02,-4.572944281261531740e-02
6.378140323098436929e+06,-2.029593288635444526e-01,1.814396151801895174e+00,-1.032644930459207799e-01,1.363104743272390562e-01,4.602967576708751757e-02
6.378139054791755043e+06,-4.229812418250872952e+00,1.262835742699076036e+01,1.727323554506298917e-02,7.574227176883899237e-02,-1.492315578239393481e-02
6.378127330356205814e+06,3.364265760968693231e-01,-5.231971611950169354e+00,1.085055442304884259e-02,1.742173303883388646e-01,1.647840022619202413e-02
6.378136599614490755e+06,2.917530967510632678e+00,8.902371325531834856e+00,5.744292728784936714e-02,1.155599864536859811e-01,-4.974659846322357359e-02
6.378141182335517369e+06,5.545474106342750176e+00,1.443303975978513876e+01,-5.791471441909873397e-02,1.153858692605790881e-01,2.237990427921783543e-02
6.378137192732397467e+06,4.790980163566373129e+00,-1.464733002501851189e+01,-6.203775185799065284e-02,9.849175228052567399e-02,-3.013414502204319820e-02
6.378136937040283345e+06,-2.732626317052468945e+00,3.344780315686021410e+00,-3.542126330501766535e-02,9.328309584160869583e-02,-1.135772328065936670e-01
6.378132725993601605e+06,-3.753610172511629983e+00,2.548201862053138367e+00,7.639835354432886194e-02,1.321793821124491730e-01,3.876464939062335135e-02
6.378145932430568151e+06,-7.751086231417438022e+00,-1.119192961270915987e+01,-2.509465238173280363e-02,9.490022034960772512e-02,9.605334778269237345e-03
6.378131015989244916e+06,-6.227058826597724028e+00,3.514625455179388958e+00,-3.460794043775735490e-02,7.381620505283457978e-02,8.401120137672536681e-02
6.378131511254414916e+06,9.998662330790717423e-01,-5.244496956679635780e+00,-3.360285385310401995e-02,1.386189881163133186e-01,-3.124428466452166750e-02
6.378137156533111818e+06,8.059015925929086777e+00,6.716774399345252888e+00,2.746607419773244851e-02,2.322532203524653727e-01,-8.899635702804248316e-02
6.378143298688817769e+06,5.273460570745708509e+00,-7.410620287028848452e+00,8.884874381777475849e-02,1.875199323989542866e-01,7.448194167676116043e-03
6.378139079481612891e+06,-4.084335673071803896e+00,9.438453574804288593e+00,-4.173399378444764274e-02,1.134054510733873977e-01,-3.206115795477916530e-02
6.378140193001930602e+06,-1.715566763134732442e+00,-7.312614102208632616e+00,5.968076887166347440e-03,6.737635776319783609e-02,-1.754442884585060564e-02
6.378132074196061119e+06,1.953453707062754008e+00,6.656820591175559798e+00,8.086760717569818624e-02,1.037304601027869699e-01,-1.795802726638702149e-02
6.378136966433758847e+06,5.865959937382229095e-01,1.334727003154243619e+01,-9.865569421156499680e-03,3.615757091282598146e-02,2.310477206106209547e-02
6.378129896457980387e+06,-7.762331150491881271e-01,1.631154328941766707e+01,-2.485284981534540902e-02,4.973135790197093231e-02,-4.071129149737227892e-02
6.378135243645597249e+06,-3.959237756062040869e+00,-3.499808008027841533e-01,-2.246736749213652795e-02,2.922240486692338768e-02,-4.203465503256600955e-02
6.378134764004242606e+06,2.629656575950829023e+00,5.091174600019453322e+00,-4.712210846929187902e-02,6.994434929189449757e-02,3.058542564199441885e-02
6.378144604008159600e+06,-1.695083703877104497e+00,-3.207537781159420565e+00,-1.179669723189716128e-02,1.104274804943824739e-01,3.252253690739570664e-03
6.378134371817401610e+06,2.974858345840719842e+00,-5.835775536564582922e+00,2.880375627470040459e-02,1.516121272084890725e-01,7.463892057581375528e-02
6.378144995066846721e+06,-3.385013990885922475e+00,-1.909594776027881524e+00,6.277674480351548569e-02,3.117333273609672328e-02,1.673119252646759064e-02
6.378134708128473721e+06,1.179935913282494919e+00,-5.440576456636821767e+00,-3.383209950288747214e-02,2.667905782640921097e-02,-5.128428903492376900e-02
6.378140592112782411e+06,-3.084086251734891260e+00,-2.938091659012857182e+00,-1.328945453584009229e-01,2.431557485856682133e-02,9.757505866947695228e-02
6.378136866696417332e+06,-2.837827229807840523e-01,1.354743812500115574e+01,-7.729467064159512013e-02,1.412986179608575199e-01,4.790400540620094738e-02
6.378133972413107753e+06,7.977029150771019594e+00,-5.637576143742138335e+00,-5.657383094366511683e-02,6.873210746572044894e-02,6.486439332700480974e-03
6.378138834229430184e+06,-3.533343000803473632e+00,-6.087350198078929964e+00,5.809329037220339192e-02,9.619592312689186075e-02,-4.619760786610541126e-02
6.378132160615319386e+06,2.013311217271264386e+00,-3.004809261805025056e+00,-5.125771976271675107e-02,1.183640529589185253e-01,-8.825456994634821306e-02
6.378127878413415514e+06,7.451532514166052668e-01,1.090797953529609288e+01,-4.352458051824634189e-02,9.332377649567810685e-02,1.030119797169891903e-02
6.378134260557251982e+06,5.144438103399681772e+00,-8.873514990777055189e+00,-2.930353293151824121e-02,4.352708103207863360e-02,-2.304944621941112243e-02
6.378134602632577531e+06,-5.443439042639952596e+00,3.823574157478737856e+00,-1.618332679082943037e-01,1.196070607646051165e-01,1.032206706209966990e-02
6.378130709802884609e+06,-5.288912922487849499e+00,-1.408568128072098347e+01,6.828290534241674217e-03,5.116569396582126839e-02,1.190383780114517703e-01
6.378140710645033047e+06,8.601225309733049329e+00,-5.084157025432658017e+00,6.906232862400746297e-02,1.595538596286271704e-01,-8.005340467327937137e-02
6.378136363556489348e+06,2.626504768824867053e+00,-7.935686029389164453e+00,-1.060891891801206133e-01,4.451968418467158739e-02,-2.819660007501794199e-02
6.378139856219282374e+06,-2.975026409843313679e+00,-4.118200250698039078e+00,3.248027667541518448e-02,6.076380547531891330e-02,-6.216024731436033124e-02
6.378139338825455867e+06,-1.447645786866088802e+00,-4.291900414317337820e+00,6.955476540850272921e-03,1.820736638700456989e-01,1.213553386969551569e-02
6.378141038414509967e+06,-2.493044113260777017e+00,-2.883360347817792046e+00,-3.535556370199676585e-02,1.644413086436107840e-01,4.429994046973482862e-03
6.378131899785477668e+06,1.314633484699624377e-01,-1.372186660059809549e-01,1.005785782243518445e-01,1.711106402460130793e-01,6.600214878150431619e-02
6.378143123511456884e+06,2.458166538240638577e+00,-4.560066622136389469e+00,-3.013630557663491555e-02,1.189317453650720197e-01,9.401446185797868171e-02
6.378138337350741960e+06,-2.645500206000566568e+00,1.461151631175005683e+00,1.166663503314318943e-02,1.637391007676866905e-01,-1.262802593336007952e-02
6.378138457086818293e+06,-8.762708371901041460e+00,-8.359528715318543135e+00,-1.419036962994653372e-02,1.251964657495269195e-01,-5.822951121040667588e-02
6.378131682896220125e+06,1.969089250524595380e+00,4.447848020087105780e+00,2.461288470981305709e-02,9.251454089497358757e-02,1.032765306144781126e-02
6.378128630138820037e+06,4.582394042921844601e+00,-1.553832646955694585e+01,6.544665320082573845e-02,6.837062471794724816e-02,1.153937813632408688e-02
6.378135393725745380e+06,-6.612288007493636321e+00,-7.037588612449026115e-01,5.033083059276523274e-02,6.040235100134647150e-02,1.948772050205042905e-02
6.378147653303560801e+06,1.159560274761978427e+00,-4.285087579376762434e+00,2.315972105799007572e-02,1.250895009886322518e-01,-1.671427049866256592e-02
6.378140001447627321e+06,-8.824096815560787732e+00,-5.436653438732019339e+00,-7.539984070426691831e-03,1.323431610749310761e-01,1.327430776670342483e-01
6.378131278667058796e+06,-3.914566744309980528e+00,-3.450284778788404338e+00,9.790631601177282595e-02,2.220295212335722801e-01,-5.211009526096180462e-03
6.378133427477563731e+06,-6.817009291566846763e-01,4.176296858268605527e-01,9.064971569311805477e-02,3.438089366434722571e-02,1.452262175986339171e-03
6.378143119449919090e+06,6.237230281161554757e+00,3.623321199570388451e+00,-8.669068223114752628e-03,1.404297325023215748e-01,-7.770606474071849179e-02
6.378144483472887427e+06,7.908659127817553092e+00,-1.116137929091854986e+01,-7.781482337169786170e-03,1.231710957955584052e-01,5.393870176554269730e-02
6.378142169925156981e+06,6.073044847890948894e+00,1.435632382201093371e+01,-4.320437728071832573e-02,1.654973426065074471e-01,4.531438378252414245e-02
6.378143231277461164e+06,-4.571822158850604723e+00,5.845743894076864677e+00,3.033371607439592360e-02,3.854285004086981797e-02,1.493283497892101686e-01
6.378128551948924549e+06,1.610056665666939058e+00,4.443611810524104477e+00,4.737694051543265422e-02,1.114158708146466281e-01,2.052361022059184456e-02
6.378138036305125803e+06,-4.171481264772244124e+00,4.936653439530926946e+00,-2.303199684468088329e-02,8.552084342526719563e-02,-1.982462905405092679e-02
6.378133659493986517e+06,-1.510734365013313374e+00,-1.012778598883126380e+00,-1.578921811829626931e-02,2.181409253939031734e-02,1.112018811893956544e-01
6.378140706410905346e+06,8.898485071596057949e+00,-9.174830686951124248e-01,-6.292984246619447164e-02,1.766863769062123890e-01,5.124648686803933567e-02
6.378130590445084497e+06,-2.287854664898681278e+00,-2.031207960172659810e+00,-9.321025361310483412e-03,9.162967498477164741e-02,6.046820695745846325e-02
6.378130246993600391e+06,-4.778988092238901086e-01,-1.579125464312684857e+00,-4.063465738708395975e-02,4.294851154737022725e-02,-4.271154015013293309e-02
6.378131518600989133e+06,-4.810253305934938162e+00,-7.883492822152693869e+00,-1.110054059180231754e-03,7.813332902840774974e-02,3.938024121714657488e-04
6.378133606356291100e+06,-1.647186065187069559e+00,-5.687885504669392134e+00,8.973310626316249872e-02,2.337887300018721970e-02,7.868410250920084004e-02
6.378133165521033108e+06,-7.348332845307099070e+00,1.120963395790092187e-01,-2.972795243535727647e-02,9.699930129571010529e-02,5.332269125689238776e-02
6.378142288881702349e+06,-1.178590074581102320e-01,2.320131532918028872e-01,-1.694997697622417990e-02,1.324867538011067492e-01,-9.762765607419839758e-03
6.378141759645632468e+06,-9.285968044347894690e+00,-4.155394465049393915e+00,-3.494558738458285879e-02,1.622152922095016492e-01,-2.963118612505668756e-02
