gyro_x (deg/s),gyro_y (deg/s),gyro_z (deg/s)
1.027593198597197624e-02,8.023887969040225179e-03,2.203179446551043960e-02
-9.191318994683129670e-03,1.064799082783302563e-02,4.848113225409063191e-03
8.221231262256217462e-03,-6.826198122032269174e-03,-1.894382308072739898e-02
2.657370056656838987e-03,-2.876690078834208582e-03,-5.751863488258020241e-03
-1.201930991388873264e-03,7.491180315793159045e-03,2.874714305881963857e-03
-4.229214848563086354e-03,7.321568179633918504e-03,-6.910497378261567722e-03
-1.262478109596590738e-03,-9.284942963084968567e-03,-3.338176895243890485e-05
6.951615065005429389e-03,4.115948512065752130e-03,-1.176039206887671829e-02
-5.463598348997262578e-03,-1.161267032539492830e-02,-1.696098640509634964e-02
1.147658502334148595e-02,-7.025303121956603773e-03,1.234892495175008396e-02
-1.853030858476160470e-03,2.020553838823107087e-02,9.940177204412007847e-03
2.262874471621985611e-03,-1.157025540254883085e-02,-2.105428697957461692e-03
-3.367483779254285773e-03,1.645514712924456280e-02,8.386424826168211930e-03
-1.059132515962122635e-02,7.836501692056054014e-03,3.169524649644202209e-04
-5.761485506057656067e-03,3.299718229721949891e-03,-9.850918029786265209e-04
1.126163992490277800e-02,3.078653550226233813e-04,3.956596965874217137e-03
-1.802103415659067924e-03,-2.285327879351507600e-03,5.096932790860607236e-03
1.897134420528759011e-02,2.588330494614675403e-03,4.176542137612129259e-03
1.314987303815669988e-03,4.422415808289268703e-03,-7.750592234587159318e-03
-1.476837408140344379e-02,3.754730121512027397e-03,-5.897394996881703301e-03
1.246491997236961156e-02,3.891683890375618234e-03,-1.030811095519861692e-02
2.488204323024334648e-03,7.710555976706103161e-03,-1.400580298060825901e-02
-1.104237683264974561e-02,-1.076940387174816355e-02,-2.295894443233210264e-03
1.824593553853077338e-02,-2.023265115048938911e-03,5.835429706428281807e-03
3.902155496547966298e-04,5.697547212484141248e-03,-6.184156196878973742e-03
-5.184369247631399197e-03,-7.307877268131510000e-03,-6.112785447723804132e-03
-5.440304124852838111e-03,7.712455794887408504e-03,2.152434498633327281e-03
1.192668103333233490e-02,1.105479556611102532e-02,1.847586178903653370e-02
7.672039474455560198e-03,1.011368510013314036e-02,1.108945925937518395e-02
-7.315442095193890222e-03,9.330997501767674882e-03,1.326124859520390765e-03
3.464555064535124445e-03,-4.707877701597338455e-03,-7.221978073270979986e-03
-1.058948091676949546e-02,-4.706960971322836557e-04,1.583786982897602289e-03
-1.796790924769212094e-03,-4.230096149461263708e-03,-1.396251098399522300e-03
1.203531923487012774e-02,1.640009953249333199e-03,-9.415185094752673983e-03
1.626789741936947309e-02,-7.296930432040315932e-03,-1.024248781869860001e-02
5.627050918057458807e-03,3.097508547963739173e-03,1.715306728517810957e-03
1.884257468346509654e-03,6.696923014318000369e-03,-5.767505045306557578e-04
-7.350558159242514232e-03,8.902037474512793438e-03,1.640165607895537406e-02
3.705402741567280674e-03,6.877086070079096308e-03,7.078114452472263583e-03
-5.385658720458050622e-03,-5.969577216061182183e-03,-1.692673951583188383e-02
4.787783645920417946e-04,-9.648221813516285814e-03,2.701403080652373459e-03
-4.750451519278636302e-04,-7.756573069796091763e-03,1.734849576677145386e-02
5.403352974743124044e-03,-1.105802290652086947e-03,1.523949749869704662e-02
6.536254683381865279e-05,-4.910522698205445347e-03,-1.046572783109484504e-02
-3.554548303049433894e-03,-6.111216154902922131e-03,8.139686274575931579e-03
-1.631344983994360235e-03,3.358534248464017848e-03,-1.971170372673799326e-03
2.533243275073764240e-03,-1.176123742407023803e-02,-7.108969397118253784e-03
9.583603191520045916e-03,3.101781718934692230e-03,-4.033973277007934545e-03
4.373005093037413832e-03,-5.924155015328194836e-03,-1.784638538052881395e-03
-8.369158254211413010e-04,-2.249367490334260988e-03,-1.010267982383437381e-02
-9.651737710437455903e-03,-2.753729752718738367e-03,-3.284590951531846689e-04
1.582321733892008697e-02,-7.777975397993452771e-03,3.520560519360958155e-03
3.673566433792457755e-03,5.410978892220396838e-04,-6.925282512925889857e-05
4.318041164096292003e-03,1.040046125183688918e-03,-4.481469132740925100e-03
-3.919942257466871652e-03,-1.260594058241868744e-02,3.826303752064661931e-03
1.225957438397404274e-03,2.280807146803797997e-03,3.958893997651262604e-03
1.580416835724363046e-03,-3.082769889594795358e-03,-1.925900699742774062e-03
-6.860308299283962054e-03,-1.625247424488426504e-02,1.694938678587918496e-02
-1.145051598844138785e-03,5.252087863978819812e-03,2.615200204598011526e-03
-2.481991736853107842e-03,-4.738480465375178273e-03,1.251538431069161746e-02
-2.925716254339066815e-03,-4.801038929662944377e-03,-1.050909886719869277e-02
-5.494398712674223619e-03,-3.133311167423403869e-03,2.109058377944060883e-02
1.600312061672808095e-02,-2.770915137500072514e-04,-1.629641502328158659e-02
5.747705607701365446e-04,-1.585792187961142241e-03,1.902027104035511687e-02
9.111544249897688547e-03,-1.783405942067549680e-03,-4.899218036779329905e-03
1.104365262125577354e-02,4.634074665393470537e-03,7.995312358585851846e-04
8.849379538545282253e-03,-6.364133255168017041e-03,-2.223307509735814643e-04
9.265892495455377645e-03,8.571272381243450389e-05,-3.378461575140622223e-04
-3.726649604372236999e-03,3.773195071785800849e-03,-8.249310114130889784e-03
1.493776482391093521e-02,-6.587076097421986146e-03,7.614217902319855499e-03
1.308511281385556224e-02,5.889359777580972094e-04,-1.251248013426884548e-02
1.602377202918207942e-03,1.998501989915477031e-03,3.877558504306458705e-03
-4.997853331900893072e-03,2.773430848921932222e-03,9.536437329134228591e-03
-3.992370325923725802e-03,1.769371257320595872e-02,1.257162846907801217e-02
-2.574624687011192476e-03,-1.684942901281095149e-03,6.764510627264567382e-04
3.498019145903359488e-03,-5.982525823473801123e-03,2.892430631303310497e-03
-1.708013164403079671e-03,3.767740824886385217e-03,2.587407313703922549e-03
2.261219391151404311e-03,-4.111591810777677145e-03,-1.727777396806469065e-02
4.732031602556766893e-03,1.820772512022160797e-03,-1.099300506576371579e-02
3.578040331700869676e-03,8.316070421849751371e-03,2.090406145988031247e-02
-6.175558099453893300e-03,1.875981585549394651e-03,5.984103728995031173e-03
4.314712598044943490e-03,1.483348535649412631e-03,7.514690665059288812e-05
-1.065358089363820961e-02,-1.677041892681770292e-03,-1.327111887211678345e-02
-1.384310545846667594e-04,-2.598237875948246432e-03,-1.321150507341891517e-02
5.242693776378703173e-03,-6.149675849691613357e-03,-2.067711738510815724e-03
-4.753610834956388878e-03,-1.593898740630315600e-02,3.867679285339289692e-03
-1.184880750965129625e-03,-8.893593921323562565e-03,2.226371768070478305e-03
6.300709998002623075e-03,-5.850217936721341556e-03,1.253492943097288433e-02
-1.369652315701543402e-02,3.299479537313756983e-03,4.223678137912169339e-03
-8.501399666160458155e-03,-1.252759870096526069e-04,-1.023429468699812647e-02
4.840947796617053856e-04,-2.929708837797262173e-03,-1.025434692345184376e-02
1.032006861700560628e-02,-7.976676794354998698e-03,7.181417054896739767e-03
-5.403133333104107733e-03,3.253742551191297037e-03,-9.510026556338217014e-04
8.794610249786482745e-03,1.053064698334465858e-02,-1.755663488942291574e-03
-3.591954714793003500e-03,-1.017536816179103604e-02,-9.607130930693587268e-04
-1.995810849913391607e-03,2.417869207385701935e-02,-6.746135105789676824e-03
1.384374010010810388e-03,-7.330319683619820545e-03,-8.455843118225950944e-03
3.251739930098069761e-03,-7.085092635347809385e-03,-1.177173135766832607e-02
7.057665945978635128e-03,6.327823431545346981e-03,-1.396335257874157588e-04
-1.461538041915155881e-03,9.259865477312015369e-03,-2.302600391305827717e-03
-4.787957663352677279e-03,6.467375935543751009e-03,9.078806787101810841e-03
3.705560730067206879e-03,-1.389869963662109485e-03,-6.949916096234144344e-03
-4.238512183347088215e-03,1.297682179786222890e-02,-9.775888471741755298e-05
1.372725566774624616e-03,-7.506709959882396956e-03,9.424413145956209549e-05
-1.871707704784790222e-03,7.512212349668507573e-03,-1.209431314581553389e-02
-9.929160379476230629e-04,1.261804146791421777e-02,6.576657021271073086e-03
1.350208660272942882e-02,5.440366934598373817e-03,1.148855049888661273e-02
-4.854414524324847033e-03,-6.978568794126953530e-03,-1.807452800357464695e-02
-4.432031168956431649e-03,-6.570157529630703090e-03,-5.255852899298149063e-03
-7.467463347148815475e-03,-9.036732526616061967e-03,-5.557661595592111852e-04
-9.556648694978192235e-03,8.204974157917630656e-03,-1.616630891253995062e-02
-6.939697847833025020e-03,1.092369083328598167e-02,8.021833085517357433e-04
1.582351718806475783e-04,-7.739326685957531593e-03,7.394503725202073059e-03
-9.464178852699603808e-03,2.038950337712155253e-02,8.581073140905530125e-03
-4.620456276371787650e-03,3.042470900806214153e-03,-8.157285253845653061e-03
6.821024520879180684e-04,-1.864437902276597442e-03,1.105832264369802781e-02
9.872829281285489759e-04,1.033642912618833003e-02,4.637673286653851840e-03
-1.381802010526036149e-02,6.997226530271146491e-04,7.852436232135577218e-03
-1.653847337906805617e-02,-3.125784530813489458e-03,8.768758546733085649e-03
-2.886249702025480302e-03,9.449069316867463736e-03,-4.236437525372844203e-03
-1.016307441549548288e-02,1.027043854815573240e-02,-4.265099475391569378e-05
9.719158649590428634e-03,4.223487397969172101e-03,-3.270729296618061274e-03
-3.764186218101237252e-03,-3.387125993655942194e-03,-1.080280119271855716e-03
-3.450603730113281468e-03,1.284886765378355500e-02,-8.014040810528030162e-03
-3.050072034294203354e-03,6.456044607635370327e-05,-2.774186209967686133e-03
-1.748583650787531888e-03,-8.921625185072326256e-03,2.565715048514055283e-03
-1.029903965267352575e-02,-6.310200168203057569e-03,2.184038102270306932e-03
1.854648898085148670e-02,-1.302882352486957503e-02,2.376930479345855298e-03
5.236074366587161084e-03,2.372848626080992489e-03,-9.167445739548644307e-03
-2.089717037953505406e-03,-1.134614443974907121e-03,-1.113892753638262741e-02
-2.003659935869615827e-03,7.502068901810250365e-03,1.778645155174556720e-03
7.558679688849162179e-03,8.554138499101669041e-03,-2.123136463704944354e-02
5.417077309430827492e-03,7.868342725718381614e-03,6.278316120851479797e-03
-4.831706260979199037e-03,1.584935984227888936e-02,-4.711244601001912148e-03
-6.982621031042433001e-04,2.362116849956756495e-03,5.144725749884321471e-03
6.223773989688458942e-03,3.652709786676199520e-03,-3.253713149948034115e-03
-1.003936498272608481e-02,3.514447752990641598e-03,-1.206398764510199610e-02
5.836344873688942628e-03,-2.915363283571927033e-03,-1.540132971702988572e-04
-5.102719238565990231e-03,8.658503929609717015e-03,-6.274098594685640663e-03
-9.966117170427515881e-03,-1.041088791514919142e-02,-1.359167997307287983e-02
5.831977011668758315e-03,2.128471347848511549e-03,-2.846396862550123509e-03
-1.567310017424702537e-02,5.073040632456417114e-03,3.621431891600489662e-03
7.761050757593142106e-03,-1.118867939392701816e-03,-4.622691657011533672e-03
-3.307629676886184554e-03,-7.364143662241365990e-03,1.909599302066607510e-02
6.840384408771559488e-04,-5.561480639320277863e-03,1.200608666908809137e-02
-1.520049468060489335e-03,-4.585906827120777955e-03,6.185215114350213093e-04
-4.295472556726544038e-03,-2.860850422679136768e-03,-1.672429864985953106e-03
-1.549068210996791452e-03,1.977303057058993688e-02,-2.273762801356775994e-03
9.039883712441271202e-03,-1.467934645593168067e-03,6.900841906609241246e-03
3.358832866172559422e-03,1.438942214873368413e-04,4.925026352244650865e-03
-2.468426609292643267e-04,5.370609793497613249e-03,-5.325614740526673184e-03
-6.030112989582632650e-03,-2.907572189114897548e-03,2.530016358922667252e-04
1.128804804097079898e-03,-1.386214959966008443e-02,1.265707330699348231e-02
1.308006025420305196e-03,-4.036370442180990670e-03,-7.715901144929121708e-04
-3.847048634733236938e-03,3.377218659000908504e-03,6.494510126903725589e-03
-2.017139931022344113e-03,2.714668487573832379e-03,-1.111816506932940957e-02
4.446815838500439017e-03,4.529634663001982572e-03,-1.089010861404200899e-02
-6.853146304388217170e-04,-8.964230036634076096e-03,1.251393382321427244e-02
7.680468071057638263e-03,8.113460771252958489e-03,-2.229990819494174180e-03
8.067213792633912443e-04,1.131741450277904543e-02,-4.239026408562925584e-03
-1.582346913214552038e-03,-1.762794546932546164e-03,-1.104093361389608344e-03
-2.478478374994711603e-03,9.583580937093895066e-03,-1.508020043663702318e-03
-5.065824675500720485e-03,5.470400584275590845e-03,6.675017801964545222e-03
-1.014546251709752501e-03,8.223367403554086505e-03,6.986435249966039011e-04
-1.574111994481363144e-03,1.443911781468419468e-02,-1.686157653794551460e-03
-4.601182214651102984e-03,1.194590074833517049e-02,1.325442154150854174e-02
7.670316766451675504e-03,-1.015363153749999740e-02,-6.338610436745147590e-03
3.907359656375988290e-03,-1.865275187043767199e-02,3.792574357298896578e-03
-1.261131542535337373e-02,-3.171543570683891394e-03,5.146754193182160285e-03
1.156449945473616431e-02,-5.666115774376925644e-03,8.365533129802888573e-03
1.864115286982851935e-03,5.030845237657679929e-03,6.296469408872905869e-03
-4.472742746901328908e-04,-1.808718679087689685e-03,-9.749537703919751441e-03
6.604217641448285013e-03,-1.040821758885554157e-02,1.242955756823667553e-02
9.359518970820310257e-03,-1.104857107556391112e-02,1.135260307861475637e-02
4.053238072922160304e-03,1.045344753228357078e-02,1.882987308016879566e-02
-3.760027986950321803e-03,-3.720025964473806877e-03,-1.922824260169663305e-02
-5.457939042482665148e-03,-1.127366062850464288e-03,-2.282464011187112108e-03
8.526762227222641974e-03,-6.306510644151354199e-05,3.661917084607359089e-03
-4.441178876997050121e-03,1.579563098889198887e-03,-4.254878027999549860e-03
-5.563766070692810484e-03,-2.453993440395430426e-03,7.497340620092000224e-03
4.013047199066038448e-03,1.269250901744731208e-02,9.602829850772818740e-03
7.624552102341996141e-04,1.364999326887615487e-02,5.683431786627461159e-03
-4.834222621758397370e-03,1.057117548718706883e-02,6.959118644832593820e-03
9.618754624130376046e-04,1.376789104120024242e-03,2.987950034676245883e-03
6.662173132171878009e-03,2.663715834748712954e-03,-1.351464218542036818e-03
-2.230065511706723260e-03,8.722791053043224899e-03,-2.776772890257819554e-03
2.841394461769344675e-03,5.247203172346216922e-03,-2.227622201774589680e-02
-2.982278213991236722e-03,-1.031496988366241083e-02,-1.034048893811594094e-02
3.394542139512414167e-03,4.192220409750915464e-03,6.740224625440180937e-03
5.913293361212777592e-03,8.313899493475909036e-03,-1.622242750882166643e-02
4.325257577174386296e-03,8.780282370205718875e-03,-5.530115457805407676e-03
2.896184757233546698e-03,6.571023970751460608e-03,4.920627481005630625e-03
-5.760233409256382275e-03,7.859338768143869910e-04,5.113847032090213223e-04
-4.790148536769041690e-03,-1.324937628667779879e-04,5.280061008910499031e-03
5.113745786218870659e-03,5.382685355630360130e-03,-1.068286265310263924e-02
-6.313266103819187075e-04,2.237488869074390294e-03,2.595839347243532932e-03
-6.713536621448388175e-04,1.809744232767147160e-02,-1.016568758070352397e-03
1.251068360977921094e-03,1.259363643794281229e-02,1.164797801269403486e-02
1.372591327604164762e-03,3.435644806959750825e-04,1.273535719506649865e-02
1.047639860056407118e-03,5.076018749243348636e-03,-1.589986885215875778e-02
4.268934364278600610e-03,1.617502341395827062e-02,6.387863867865708686e-03
1.965064144934219013e-03,4.500227897299649386e-03,8.144661579065641879e-03
-7.057899642685622026e-03,6.189417394304519600e-03,-7.627902357904732533e-03
1.105993655208855307e-02,-1.078693417213373411e-02,2.688693537690336945e-03
-3.807256963095241760e-03,-1.380372921898741570e-02,3.211260695248887177e-03
-7.741119725542467550e-03,5.253922430470550978e-03,2.057740483775894955e-03
5.497854967845086996e-03,9.797390236415544698e-03,1.152237575681238670e-02
-2.477746229146805552e-03,4.621139460459938752e-04,-4.635317942685382789e-03
-2.404475167438350179e-03,1.777128401639815804e-03,3.661043467306444085e-03
1.116095228403397432e-03,-5.657785213866678084e-03,-2.016366690913361584e-02
3.391999898606468025e-03,1.768779422836976641e-03,-2.157820029606375041e-03
-5.162351585369844530e-03,-9.475012182592364293e-04,-1.219954598946723472e-03
2.455818198506942024e-03,7.112795350804303890e-03,-2.989926823247042106e-03
2.478634819959236752e-03,5.651671225421399901e-03,-2.982998681597675162e-03
-8.590347610426481845e-03,-1.850906839895403999e-02,-2.753159732742262080e-03
9.573802069780579281e-04,2.281548776226208913e-02,-5.021252114998552701e-03
2.503771585790061111e-03,-1.016202331379163076e-02,1.052880870207887698e-03
-3.010597956374713204e-03,9.187178600403966833e-03,-3.493400302822667787e-04
4.510878496858431418e-03,-6.152033329293168581e-03,2.307940715946277168e-03
5.425871359414944500e-03,-2.708886942137045221e-03,5.535230348493058554e-03
-1.915082450689321175e-03,-2.836596692770471887e-03,1.537780435065922401e-02
3.086560716933879796e-03,-5.775958306413080980e-03,-2.157948423157238661e-03
-8.206430243250817727e-03,4.523373022030794527e-03,-3.998676927337541879e-04
-4.161603630159135640e-03,-1.839545937776562289e-03,2.600020134595385814e-03
4.464311231767792779e-03,-7.079287507337531603e-05,-6.705512735723540311e-04
-1.242242592961771523e-02,-1.160958539239335258e-02,-7.860162525401739875e-03
2.460876319279253072e-03,-9.002689038759696704e-05,4.922258370493944220e-03
-2.415730171719786875e-03,-2.218006987900312133e-03,6.313804562633643785e-03
-3.727546503837626986e-03,-1.482922096653195056e-02,1.079066152836489524e-02
-1.619089712416179206e-03,1.278427379026759493e-02,-4.777602763403212757e-03
-2.112161391958273723e-02,-1.908731083893374985e-03,-3.582466480991112687e-03
-1.440784117537009801e-02,1.544558851835509811e-02,4.552592797465124263e-04
1.384499716585198617e-02,-6.357195008741815812e-03,7.981234791686296626e-03
-9.898176606868298519e-03,1.405586055383849101e-03,-5.203234532076822863e-03
-2.764079847601695009e-03,3.399695549826895272e-03,4.808412442698599756e-03
-3.066974426872534371e-03,-1.213374438733446845e-03,-9.528789298550045112e-03
-1.937813197095546950e-03,-1.203183883808523619e-02,5.042286630116006238e-03
-2.108187674257458975e-03,-4.972619984086874660e-03,4.188241791871186344e-03
1.673149013895387088e-03,-9.356345804853097650e-03,-4.915092125511736666e-03
-9.614595615362648076e-03,6.067430332491248468e-03,-1.057324461636267518e-02
1.574909938950707841e-02,-1.135583477762037823e-02,-1.064778491577954636e-02
1.436810603350911503e-03,1.429603690909785974e-03,1.051283439149272927e-02
-2.169614240667622380e-03,1.197871114500533279e-03,1.596445650896639694e-03
-1.128816200494876451e-02,1.067040256524190607e-02,-1.816625900315096617e-02
-3.736644510945066108e-03,-4.396771723395308772e-03,8.120141579140729938e-04
-2.854129832108925121e-03,-2.342790616100738545e-03,4.388526566859940296e-03
-5.200958811020681485e-03,-9.401025988907929856e-03,1.546938958138421166e-02
2.155149764620095838e-03,-7.746706049923519216e-03,1.293661321264986085e-02
1.506326031951638273e-03,-3.058157088567585273e-03,7.390578788413103110e-03
-2.734119687375442722e-03,2.018165932289270239e-03,-8.004863580903834666e-03
-1.334699895207241797e-02,8.138403872372471787e-03,-4.120887061151313883e-04
7.848021476110501882e-03,2.408492654671222106e-03,-6.772986857133278353e-03
2.302321869225212609e-03,2.696822826263331387e-03,-2.322877249945505800e-04
7.380613657877292851e-03,1.038888028532972650e-02,8.735821880465835174e-03
1.754585204364612211e-02,3.519793952744930485e-03,-4.244306559074329140e-03
1.354112266162310792e-02,8.784120419539242402e-04,-9.385413819641641453e-03
2.518352875886943013e-03,-1.156717687497239161e-02,9.813528744316074234e-03
-1.109690665287114145e-04,1.041653060248443237e-02,-9.355829539818835217e-04
4.170744575878442689e-03,1.036109160239794512e-02,8.187332501796318329e-03
-1.280995951841259507e-02,-1.870330201062128444e-03,8.492773251271139648e-03
2.385537886747635355e-04,4.406110174773672505e-03,6.442804634993959216e-03
-6.018773679187768358e-03,-5.532165318597194979e-03,-7.822709909093115629e-03
-3.167854243047324349e-03,-9.062756007891643872e-03,-1.223321851510765501e-02
1.763907530765526470e-03,-1.675467041000289247e-03,1.132398192565723695e-02
-9.762473778527373455e-03,1.021642366029685937e-02,9.181619841237368199e-03
2.335485185741687647e-03,7.512162212462198188e-03,4.632470609097047616e-03
5.077332187120111445e-03,1.022492948810706237e-02,2.875613742449432617e-03
5.576379191100666773e-03,3.029177181028599856e-04,9.658484748167196765e-03
-9.586074748749796523e-03,-1.863291391427517995e-03,-1.066322111138017295e-02
7.251487317833198165e-03,-8.563425370513135307e-03,1.600482167824422014e-02
-6.087644751914558956e-03,9.016264343350368499e-03,1.428765611194883142e-02
-1.361684302807334920e-03,2.339524105281760250e-03,9.298044679521237990e-03
-1.201755185113422865e-02,-6.137990059497807141e-03,6.392734362854813647e-03
-2.999333346757955109e-03,-1.113146185374018146e-02,-4.789849851757390850e-03
2.371826667325243297e-03,2.739646442067834690e-03,-1.845634028859137465e-02
-4.653152183719220202e-03,-1.900537619840986583e-02,-1.362849820855476760e-04
-3.532998371127903450e-03,6.450304440094886335e-03,-7.553968511641719757e-03
1.348002225757844938e-02,-9.300952385112968776e-03,1.418975819485617310e-02
-9.569467530103428071e-03,2.527933470143684663e-02,-6.099323658107485419e-03
-1.743790610277654637e-03,5.657671283710842547e-03,1.088925026506091381e-02
1.600202960493502663e-02,-7.783255177559327692e-03,-2.982960141813424389e-04
1.560419821984636822e-02,1.565479974717265757e-02,6.861140507221380296e-03
-7.963677997017852344e-04,-2.273936298406587907e-03,1.259188165665659984e-02
6.195504962065223609e-03,1.867317268241140693e-02,9.224527286786706956e-03
1.774697221376370787e-03,1.803542667682390271e-02,1.002038112382840074e-02
1.439863535875612194e-02,-2.739473536001752613e-03,4.531230409207743018e-03
-2.036145604077410284e-02,1.681468351520501491e-03,6.131758667384309448e-03
-1.395410775965997066e-02,-3.079604395667103790e-03,6.770500567620359178e-03
-6.576917856163344914e-03,-1.540921602851780953e-02,-2.094098425638788504e-03
-2.107554018725523771e-04,-1.870641543023279915e-03,8.943340538688818522e-03
8.382246843405263478e-03,-7.567487430213584720e-03,1.128541498726410696e-03
-1.023279224256412948e-02,-1.970231593563867133e-03,4.049053857854258490e-03
1.027631158195089871e-02,-3.281128177080162075e-03,-5.216107338703846429e-03
-6.518790587605778272e-03,-4.015436004592872789e-03,3.346891911645558798e-03
9.049402919409895232e-03,1.066533478298187926e-02,8.091756472377512402e-03
-7.114757084773720361e-03,-1.478299720682207409e-04,-8.700063160386250355e-03
-2.245955574336286689e-02,1.234894164243465799e-02,-1.243341264732075561e-02
-8.676543093125868231e-03,1.590008761897763372e-03,-6.615465993032679584e-03
1.629409677331402836e-02,2.577710950170737647e-03,1.208467688124985123e-03
1.007760942494710481e-02,4.916581370409747742e-03,-2.414575943626306401e-03
7.381173340086317819e-04,-1.040343666777517051e-02,1.703836503675283318e-02
-3.801120781131798413e-03,-6.556729481057228630e-03,6.236716237727101464e-04
-5.694854579443869684e-03,-5.126870885693717537e-03,1.072542091318551619e-02
-1.073580829588318027e-02,-1.048128367711064282e-02,-6.509845645453377593e-03
-7.566045620527445809e-03,6.662267300204406835e-03,2.401586312351305669e-03
-7.030328078374560932e-03,4.631604202153400893e-03,-1.951346503375956873e-02
-9.011871011349267303e-04,-3.634201057807712274e-03,1.493141192619537854e-03
6.904847223609034482e-03,3.491842215945694695e-03,9.971798302307169674e-05
1.476348659995016348e-02,2.002281746608040869e-03,2.670589190486462230e-03
-4.036774476765322452e-03,8.361036811412744796e-03,8.259405321207993408e-03
8.396203604502421730e-03,6.983318100159397780e-03,9.680664730869642867e-03
3.231094223853523285e-03,1.269227929927919246e-02,1.011316680895811213e-02
5.576228395432281451e-03,1.076273876820450955e-02,-1.427133770959832784e-03
7.890398219261143820e-03,1.455599159250480640e-02,2.986011025090472455e-03
-6.351819221981810405e-03,1.027187107905775526e-02,8.701131851471819237e-03
-2.361939585945170388e-03,6.265861984795352210e-03,-5.337137411396515423e-03
5.218922168319551844e-03,-3.024794432413133107e-04,2.646080222804849964e-03
-4.542732231095891401e-03,7.669994362602089270e-03,-5.811364675216759527e-03
3.355808825613703326e-03,2.791670926520337451e-03,2.671764071889974959e-03
3.985091762817083438e-03,5.848545564476936680e-03,-1.178453519283029910e-02
-3.551689585629926298e-03,-5.879338795385524383e-03,6.757212069722148698e-04
-5.666771045064474856e-03,1.958005557431757512e-02,5.954166414001964974e-03
6.356717169411023848e-03,8.948528910687224280e-03,-5.686919567197539285e-03
-1.123026007203611551e-02,8.305425985198859953e-03,1.519877176982167323e-02
8.363431237106247126e-03,-4.348184449837961749e-03,-1.954601145843986015e-03
8.043097278515843121e-03,-2.272390981685031008e-03,6.173052254301289281e-03
1.246736785052984721e-04,1.068143489986728541e-04,1.094326701198848400e-03
2.402975214301019541e-03,1.267265750045683606e-02,-1.006320485461498909e-02
-7.818980921690036473e-03,1.443359030158600405e-02,-7.051249728782788342e-03
-8.102192583109931248e-03,-3.539811060762554189e-03,-5.704447717084030686e-03
1.048165817162748613e-02,3.228229911405313627e-03,-1.050319976708609555e-02
1.641654799596726708e-02,2.374942392152426529e-03,4.247289573822592319e-03
-1.199719037013815583e-02,-1.813352937991177111e-02,1.114379658266594596e-02
-1.332632531968639886e-02,6.992915386145230096e-03,2.716066566994924155e-03
-9.705394913085956671e-03,-1.125230745995761672e-02,-1.947903172562101895e-02
-9.721667579658841568e-03,8.167654920072084162e-04,9.194066868319760583e-03
1.393312882492843234e-02,-1.163525630133903192e-02,6.356104490784114311e-03
4.050826405883166045e-03,1.171183860919055837e-04,5.064978039048752441e-03
1.247477361498120808e-02,5.336096516872351585e-03,-9.220796751485436232e-03
2.334396429132212271e-03,6.311470315654337318e-03,-2.483705679137226496e-04
6.796166185887028179e-03,-1.267565943518321123e-02,-2.039558385557115657e-03
1.063222858701889581e-02,-3.156691582108708555e-03,-6.142830513919251938e-03
7.469558826983474162e-03,-1.729707740603231639e-02,1.434683875005408589e-03
3.450728499803917999e-03,1.512090885524329520e-02,1.001161111233264331e-02
6.753693250538298724e-04,3.492238896665204699e-03,-5.237531653664048367e-03
1.549294531667360850e-02,1.397267614504524302e-02,1.155090887816232967e-03
1.784192500173839568e-02,-1.060460551232896009e-02,-7.111837541726815509e-03
-4.352916970690451706e-03,-7.222893988686159179e-03,-4.727591350816282879e-03
1.143428860754651215e-02,-1.207876251083483260e-02,4.666240119886360706e-03
-1.262964317675950750e-03,2.579512487582381539e-03,-9.994839257843949470e-03
-3.560825151243744626e-03,-2.199760778268528699e-02,4.848510876492237182e-04
-2.098081811998226374e-03,1.757442062587380449e-02,5.555760430324727757e-04
-1.129609497480415711e-02,3.171773440222652729e-03,-2.871370130371927055e-03
-3.456482262661276280e-03,6.378171309188007849e-03,5.336483572086329202e-03
9.954575148603954024e-03,-1.867314770607378166e-03,-2.026986075505976190e-02
-9.580862768158331100e-03,-6.266705782336368449e-03,-4.815272419131985844e-03
-9.151897543869769516e-03,5.939061722657433713e-03,-6.686050082276569044e-03
-1.061186464245542386e-03,7.289826273224581750e-04,5.883429811795764207e-03
-3.785765766400386260e-03,1.547737781134015875e-02,-1.666431559181030808e-02
-8.613246383496603580e-04,-2.307692566601392617e-03,-1.790095930439736431e-05
8.956402715774802736e-03,9.286259688518877162e-03,1.597020105330540073e-03
-2.181636242310875523e-02,-1.763222772539196730e-03,1.159838115474396032e-02
-1.412677121753897315e-03,2.412368234776313212e-03,-1.187316656774290574e-02
-1.244113917081821410e-02,2.154866189613841021e-02,1.993593678309570506e-03
1.095942568369989711e-02,2.790588984432373822e-03,1.597680135153643419e-02
-1.455051404387302377e-02,6.175681763040897533e-03,-6.765418240797068305e-04
-1.527711677570756967e-02,1.377710797483530474e-03,1.183789014219861421e-02
-1.739484152470099822e-03,6.652778844428559879e-03,7.711504183692708715e-03
6.263042150990812866e-04,6.137666837289875409e-03,-5.553008556164289004e-03
-1.168563140565157454e-03,5.359550779894056705e-03,-9.961322694425745958e-03
-2.366269273279493057e-03,-1.530342925812267288e-02,-1.999854615741177791e-03
1.250015122745870534e-04,-3.606830634196641489e-03,-1.069849786195522200e-02
7.300505741654343510e-03,-6.436444337277166632e-03,1.748996893153870039e-04
-3.890975241455409996e-03,7.266628659089974240e-03,-3.584753184352092604e-03
1.754853098013343243e-02,-8.507794888014176896e-03,2.031277061305169552e-04
6.105628288562322571e-03,-5.391457990895221451e-03,8.602809977114038442e-03
2.037025827923529247e-03,4.750062024080965728e-03,2.490686370127526486e-03
6.662464921889975702e-03,1.095796082638503255e-02,1.290901945218142152e-02
3.213269052833181774e-03,8.493559162534936383e-03,1.421170293904792459e-03
1.298771385852939657e-02,1.973225243526597651e-03,9.838204980042168646e-03
-5.420015768839498392e-03,5.951717118001187629e-04,5.600900906055972239e-03
9.019137081135648534e-03,2.695274803878423137e-03,6.754141905308399391e-03
6.657785301717738732e-03,-1.329364601035831241e-02,1.098279014031430280e-02
1.283066103263563913e-02,-6.793152702453167033e-03,8.957438054972314753e-03
-1.986626063986167510e-03,-3.521292466638847440e-03,-1.427828876191724987e-02
-1.162991804273676502e-02,1.112525380129612308e-03,-3.206576615454102656e-03
-2.482510501345253345e-03,1.388814615560527398e-03,-1.187577473452358688e-03
-7.957906917001255579e-04,-8.476787606212435669e-03,-9.608687781584579479e-03
-4.978965660210468019e-03,7.261389418269259544e-03,3.226159047198835263e-03
-1.224091410921816780e-02,9.156310838065818969e-03,3.988519586849847628e-03
-1.251094697089454380e-02,-1.510264867951227911e-03,-9.717888544640290380e-03
3.826718606717835480e-03,1.561869779987266199e-03,9.587440675007555084e-04
6.587028584753655200e-03,-6.933855570599594537e-03,3.488671559853228927e-03
-4.171792940711516184e-03,2.746355972629301555e-03,4.321229799627700208e-03
-3.750721864946835772e-03,9.037706547326511755e-03,2.378432738201962868e-03
6.306880482751869247e-04,-1.265972836317066225e-02,-6.538895662329153625e-03
3.851171869034995029e-03,-8.657068289284310450e-03,-1.445283403055686901e-02
9.912518477273027026e-04,-3.376327553301430862e-03,-5.490675197929490055e-04
-3.814563416964054411e-03,-7.679790220024970172e-03,-6.197050602186177613e-03
1.098385848296750539e-02,-5.532982133622060122e-03,-9.074607823286829494e-03
1.349559552486217649e-04,8.851157961651475586e-03,-7.837411023250256611e-03
-9.090580071172690152e-03,5.142927507574642952e-04,-5.966287716227296027e-03
1.811067719402850371e-02,-1.767734980561451886e-03,4.757462718760371162e-03
6.248713525205959810e-03,-3.106925716643406041e-03,6.257810366523492915e-03
-7.590507601430917899e-03,1.234851200996399043e-02,1.150975891205414242e-02
1.078026870563754402e-02,1.233262791799453507e-02,-6.812772409829884364e-03
-1.753042593429288577e-03,3.690161350166715898e-03,-6.994683585481547812e-04
-2.061615577402180211e-02,-4.662308651404176683e-03,8.266223568180196962e-03
-5.528200468458143411e-03,1.222471339426763753e-03,-7.974778270727352070e-03
-5.009138318778668178e-03,-7.094338969421546022e-03,-1.228872500820649832e-02
-4.279211289354121171e-03,-1.295988662967835665e-02,2.534823660268356767e-03
-8.691719713018004542e-04,-3.027319655581668482e-03,5.542310473143812269e-03
-9.955477583744904314e-04,-1.522835252105668533e-03,7.788786117634428040e-03
5.641238301524827484e-03,-3.547941784394258950e-03,7.608977496577385390e-03
-3.186797176242220364e-03,-6.452352824719246628e-03,4.341846933507110921e-03
2.120202098424032230e-03,-3.650668063375472113e-03,-1.418291370997411434e-02
-1.074565111045313291e-02,-5.335606376379208732e-03,6.399012675738976856e-03
-1.304694145008048270e-02,-1.194407104406377575e-02,1.146368141312612866e-02
-2.667636943756391751e-03,-2.573417388700567111e-03,2.366193725359133811e-03
6.712176010693142805e-03,-6.696412978866506842e-04,-7.358238567463659847e-03
1.403401806579640673e-04,-3.675235938108983185e-04,-2.424762266900866090e-02
-5.377074701000782511e-03,-2.196701345317969654e-03,7.612703082430746001e-04
1.180660215100497179e-02,-2.410742489821531432e-03,2.926925305250682296e-03
-2.614207285114694777e-03,4.022868989052341519e-03,-4.721897158509369766e-03
3.705716209849820638e-03,-8.283142238058611301e-03,-2.153593183134175880e-03
-1.139787795081837092e-02,7.942557524868523473e-04,-9.712926222497983778e-03
1.833996591114312076e-03,-7.304306096305680437e-04,-5.463032615627273596e-03
-3.644147997810737497e-04,-3.746456267647418122e-03,-1.067210646656984764e-02
-5.345692207081108316e-03,1.149645939227109635e-02,-7.132665810605473859e-04
4.455848227418591871e-03,9.360461588462366117e-03,-1.285923410916943975e-02
1.219573856608364634e-02,1.419822016586169341e-02,7.479141979354161267e-04
-2.051564668310598694e-02,-6.815992962661786975e-03,9.858298270481463330e-03
1.638070324171804135e-02,6.052206721157569937e-04,-1.680831681195920496e-02
-5.994521785409235963e-03,-4.157948296390763347e-03,1.425355201241101759e-02
-1.107131449853313541e-02,-7.446778561885154975e-03,2.245512763921710814e-02
2.339749901457756874e-03,1.429694249821262218e-03,-7.370163463043886542e-04
1.320927364879251158e-02,1.650559561334705725e-03,1.784353573165559440e-02
2.295242104232310745e-02,-1.076857822014661188e-02,6.170080543331309293e-03
-3.107585757370374805e-04,1.524311691706131591e-03,-4.006250289703173172e-03
1.375415860205932671e-02,-2.659966304232186905e-03,1.433625594752170086e-02
-6.798602741782141081e-04,-2.705669772874767180e-03,-1.319502796211303834e-02
-1.465933875346432137e-02,5.112133553267531223e-03,7.746795989028545590e-03
-1.524149638257459071e-03,8.864931751089421066e-03,-4.636189202326755805e-03
9.591103300597923417e-03,-7.112295699584641334e-03,-2.318414680358254522e-03
-6.242518973445273893e-03,-1.578712154980015494e-03,1.901025245592705441e-03
3.005425316649980479e-03,-2.290435049951839060e-03,9.032007968703684858e-03
1.074757875506072990e-04,1.181795150853090157e-02,6.227847746804464520e-03
9.518826098133296391e-04,-7.380043075237537531e-04,1.093898690423180482e-03
8.825543062511180190e-03,-6.697691295631085125e-03,-7.859138905335832231e-03
-1.199766648366857496e-03,-9.775851586082269853e-03,2.044781006633180839e-03
-5.619564975377754762e-03,2.675737179882549475e-03,-3.824753312636643317e-03
-7.006975612559199033e-03,1.165366838771397968e-02,1.046426969929565784e-02
-5.794468562639424301e-03,-8.162221680775457594e-03,-2.979520967918194638e-02
-1.921206907526141431e-03,5.791206508758968245e-03,1.260366638075522501e-03
-1.148170324951257835e-02,6.363697761618708829e-03,-1.934252889334358780e-02
1.053716728629450206e-02,7.886814156055512934e-03,-7.734567569533190058e-03
-2.972068592632162113e-03,6.833831860602380438e-03,3.411807569428373585e-04
-1.179525531181770288e-02,9.346930535794450295e-03,1.225590023725328052e-03
-7.626275218964236567e-03,3.760705267991491449e-03,7.843815546584743253e-03
-2.576566358813604449e-03,-4.911424782512569670e-03,-6.645710074312914314e-03
-8.589218895481691429e-03,1.534654989225204533e-05,1.586377235578980208e-02
-5.224061318336862192e-04,-4.672800394024994447e-03,-5.534147480282553856e-03
-4.009215862105084370e-03,-1.351956544669625235e-03,-7.742778392000132515e-03
-5.543121518323633826e-03,-3.101623705496558709e-03,1.717344986711192775e-03
1.643054921937452117e-02,-6.507390342660557096e-03,-3.500095736549963324e-03
1.026197527835453517e-02,7.050436276428335286e-03,-1.308132049895496416e-03
4.629655165143201079e-03,-1.069035007205124295e-02,1.083334998509178151e-02
-2.238089724685563692e-03,4.415006310877159050e-03,-7.987009474836515369e-03
2.482520355956167966e-03,5.299397984605581056e-03,1.368915176284368762e-02
1.866594609025626350e-02,4.409986528679215277e-03,2.928390465435035030e-03
-2.567243721745729023e-03,-8.784656985962317061e-03,-8.101224603068360843e-04
-1.399073091436420918e-02,5.178540860209537855e-03,6.554805533219607711e-03
2.532249705220594033e-03,-8.990147427970692287e-03,-5.218891921775173359e-03
1.714636617394085577e-03,1.150206259278121107e-04,-8.775081463495603556e-03
-6.933728250120354229e-03,7.132146459500801790e-03,-7.604829357445378434e-03
1.368459161949478822e-03,-8.586019529694410152e-03,-7.508980373217120788e-04
-2.348213908458572294e-03,5.106058232167293327e-03,-2.235721997917470855e-03
9.230468395587825003e-03,1.223374029076309058e-02,-1.449154673343143983e-02
-2.843153103242248691e-03,-4.392801623817817495e-04,-6.035704771074663563e-03
-1.001615385010609996e-02,-2.287278686992537196e-04,4.348708234444719455e-03
-3.957885399675481475e-03,-8.857469293922016693e-03,-3.117027863918456817e-03
-4.462526590021775874e-03,-1.838382451471649859e-02,-1.127020228208053254e-02
-4.018785498191997617e-03,1.313026924063966615e-02,-7.274757364959069661e-03
5.476317353299727658e-03,-5.342155156759213590e-03,-7.545999895378972637e-03
1.234691303743984218e-02,1.991486688424866803e-03,8.585290425026393182e-03
8.702356838402652492e-03,-1.096648127396553573e-03,6.353567794586811347e-03
5.591027666997236238e-03,3.060477309543912020e-03,-8.576370727012129144e-03
-4.039738958795001909e-03,6.354889320491411905e-03,-5.692221880285249988e-03
4.548040556515450632e-03,6.645404405573553629e-03,-5.531046812811459164e-03
3.016472785161707429e-03,6.886361607594367745e-03,-1.002069214028827177e-02
-5.896304855094200090e-03,3.094852815139955901e-03,6.455958306578556301e-03
7.564091763346202438e-03,-2.981809862828347594e-03,-1.393918380462799873e-02
2.344861562168498118e-03,-5.606991994540662903e-03,1.174715057804822868e-02
8.400677662837077384e-03,1.271715673498422135e-02,2.528542129949616114e-03
-9.704054304721695945e-03,-7.829296194992051497e-03,-4.029658480131463431e-03
-2.697234245766471153e-03,-7.653837724822252706e-03,-4.440019106017595654e-03
-1.347812798068310364e-02,8.990706916081933620e-03,-1.608267943625091290e-02
9.897453302064145031e-04,9.989146880845810317e-03,1.289362688572696057e-02
8.036631116053745416e-03,-5.990018534586972077e-04,-4.692452452485892239e-03
-4.336859982193766623e-03,3.630524907933810590e-03,-6.502982607649843670e-03
